Id;Country;StartDate;EndDate;Type;Name;Comment
8984d6cd-0a4c-4c4e-88da-9214efa9713f;LT;2020-01-01;;Public;LT Naujieji metai,DE Neujahr,EN New Year's Day;
8d2a6c64-6e0c-485a-9b61-64713d7f923c;LT;2020-02-16;;Public;LT Lietuvos valstybės atkūrimo diena,DE Tag der Wiederherstellung des litauischen Staates,EN Day of restoration of the Lithuanian state;
208c9915-cd28-4beb-bbed-daf598566e76;LT;2020-03-11;;Public;LT Lietuvos nepriklausomybės atkūrimo diena,DE Tag der Wiederherstellung der Unabhängigkeit Litauens,EN Day of Restoration of Independence of Lithuania;
577a0b17-cc7c-4333-8880-b9ad61c1f33d;LT;2020-04-12;;Public;LT Velykos,DE Ostersonntag,EN Easter Sunday;
13b9cdb1-425f-4d28-91e3-7c7d711e2c64;LT;2020-04-13;;Public;LT Antroji Velykų diena,DE Ostermontag,EN Easter Monday;
6fb9991d-b901-404e-8f35-ca5961090a5b;LT;2020-05-01;;Public;LT Tarptautinė darbo diena,DE Tag der Arbeit,EN Labour Day;
ada7033b-8425-47b6-ade3-041b2ef0ab98;LT;2020-06-24;;Public;LT Rasos ir Joninių diena,DE Mittsommertag,EN Midsummer Day;
fb386cc7-a906-4f11-9969-506a904c6266;LT;2020-07-06;;Public;LT Valstybės diena,DE Eigenstaatlichkeitstag,EN National Day;
33b64fde-0957-4b28-8385-25accbeb1ff9;LT;2020-08-15;;Public;LT Žolinė,DE Mariä Himmelfahrt,EN Assumption Day;
16f6e3e8-13b7-4180-869a-7b501c6099e2;LT;2020-11-01;;Public;LT Visų šventųjų diena,DE Allerheiligen,EN All Saints' Day;
2159bfa7-f970-438b-bfc5-14eb10ede285;LT;2020-11-02;;Public;LT Vėlinės,DE Allerseelen,EN All Souls' Day;
2c7d8b7f-89a7-4a0f-bdd8-447a4bcc24c6;LT;2020-12-24;;Public;LT Šv. Kūčios,DE Heiligabend,EN Christmas Eve;
bf0059e7-7ed4-4a36-97ce-f61bdfa701d4;LT;2020-12-25;;Public;LT Šv. Kalėdos,DE Weihnachten,EN Christmas Day;
b64bea6e-de02-4eb2-8e3a-aa66b13f41a1;LT;2020-12-26;;Public;LT Šv. Kalėdos,DE 2. Weihnachtsfeiertag,EN 2nd Day of Christmas;
9548c947-da7c-4a5f-8195-e675a2ca9a10;LT;2021-01-01;;Public;LT Naujieji metai,DE Neujahr,EN New Year's Day;
56ce204f-b3d7-4d7e-a506-b545cc0c4791;LT;2021-02-16;;Public;LT Lietuvos valstybės atkūrimo diena,DE Tag der Wiederherstellung des litauischen Staates,EN Day of restoration of the Lithuanian state;
7c2789ad-6a2f-4933-995c-95f08789b232;LT;2021-03-11;;Public;LT Lietuvos nepriklausomybės atkūrimo diena,DE Tag der Wiederherstellung der Unabhängigkeit Litauens,EN Day of Restoration of Independence of Lithuania;
9e584c82-7989-4e46-bc1e-027df629d408;LT;2021-04-04;;Public;LT Velykos,DE Ostersonntag,EN Easter Sunday;
2932a55d-fc6a-49b7-9b97-29f9aeacf0c6;LT;2021-04-05;;Public;LT Antroji Velykų diena,DE Ostermontag,EN Easter Monday;
ee18f5f5-3c69-479b-8ec1-8c87976971c0;LT;2021-05-01;;Public;LT Tarptautinė darbo diena,DE Tag der Arbeit,EN Labour Day;
157fb613-ec5d-421b-82bd-3c4c7efc4be7;LT;2021-06-24;;Public;LT Rasos ir Joninių diena,DE Mittsommertag,EN Midsummer Day;
7cf462d7-2748-4c37-85db-fc1452e4e804;LT;2021-07-06;;Public;LT Valstybės diena,DE Eigenstaatlichkeitstag,EN National Day;
52ff8f6d-9912-435c-b64d-c87e3cd9052e;LT;2021-08-15;;Public;LT Žolinė,DE Mariä Himmelfahrt,EN Assumption Day;
69a3ff3e-25e9-4eb7-a3fc-a4e22ee93d25;LT;2021-11-01;;Public;LT Visų šventųjų diena,DE Allerheiligen,EN All Saints' Day;
74c829b8-bd83-4b03-ab90-1e195978a0be;LT;2021-11-02;;Public;LT Vėlinės,DE Allerseelen,EN All Souls' Day;
6d79a255-f2da-43c6-bb66-440d1075959f;LT;2021-12-24;;Public;LT Šv. Kūčios,DE Heiligabend,EN Christmas Eve;
bbe4da75-abad-47f7-927c-cfa802098912;LT;2021-12-25;;Public;LT Šv. Kalėdos,DE Weihnachten,EN Christmas Day;
6837d3e3-b0a0-4e8b-a311-c5bfcfa343fc;LT;2021-12-26;;Public;LT Šv. Kalėdos,DE 2. Weihnachtsfeiertag,EN 2nd Day of Christmas;
abf9d49c-593f-4837-98c8-3f0bb36b1068;LT;2022-01-01;;Public;LT Naujieji metai,DE Neujahr,EN New Year's Day;
b8766c07-3456-49b6-a730-35c5aee36ff8;LT;2022-02-16;;Public;LT Lietuvos valstybės atkūrimo diena,DE Tag der Wiederherstellung des litauischen Staates,EN Day of restoration of the Lithuanian state;
f59fa16c-be9c-4daa-b926-1722039f78cb;LT;2022-03-11;;Public;LT Lietuvos nepriklausomybės atkūrimo diena,DE Tag der Wiederherstellung der Unabhängigkeit Litauens,EN Day of Restoration of Independence of Lithuania;
194547d9-3bcd-4306-a2ca-0ec47cecd6ca;LT;2022-04-17;;Public;LT Velykos,DE Ostersonntag,EN Easter Sunday;
1dfb03a5-8b08-4307-9f4f-136f083ffc12;LT;2022-04-18;;Public;LT Antroji Velykų diena,DE Ostermontag,EN Easter Monday;
7a6e4877-c447-46c9-bb6a-c864160e01e5;LT;2022-05-01;;Public;LT Tarptautinė darbo diena,DE Tag der Arbeit,EN Labour Day;
2550540e-f571-4d8f-9350-a8124a02d6b4;LT;2022-06-24;;Public;LT Rasos ir Joninių diena,DE Mittsommertag,EN Midsummer Day;
5159fbd0-1f66-4188-beb4-5a51a09f246e;LT;2022-07-06;;Public;LT Valstybės diena,DE Eigenstaatlichkeitstag,EN National Day;
d5b9f15b-3f19-42a8-99eb-f79a8ad51202;LT;2022-08-15;;Public;LT Žolinė,DE Mariä Himmelfahrt,EN Assumption Day;
c981d9a7-a7c7-487c-9476-9dd07a7e13c9;LT;2022-11-01;;Public;LT Visų šventųjų diena,DE Allerheiligen,EN All Saints' Day;
ac45d5a7-1a06-4c15-b0ed-be66e99547b3;LT;2022-11-02;;Public;LT Vėlinės,DE Allerseelen,EN All Souls' Day;
569da349-617e-46fe-bf73-00fc9a3a8046;LT;2022-12-24;;Public;LT Šv. Kūčios,DE Heiligabend,EN Christmas Eve;
6cabf507-5392-41e2-9a55-aa2f853a3426;LT;2022-12-25;;Public;LT Šv. Kalėdos,DE Weihnachten,EN Christmas Day;
5bc0371b-1a9a-4dca-b3da-24be4520349b;LT;2022-12-26;;Public;LT Šv. Kalėdos,DE 2. Weihnachtsfeiertag,EN 2nd Day of Christmas;
8b1565bc-cb08-492b-b69e-00550e1183dc;LT;2023-01-01;;Public;LT Naujieji metai,DE Neujahr,EN New Year's Day;
044ef531-ac02-489f-be85-fabfb480e93c;LT;2023-02-16;;Public;LT Lietuvos valstybės atkūrimo diena,DE Tag der Wiederherstellung des litauischen Staates,EN Day of restoration of the Lithuanian state;
24378e33-6b1c-466b-8d13-a3401011b31c;LT;2023-03-11;;Public;LT Lietuvos nepriklausomybės atkūrimo diena,DE Tag der Wiederherstellung der Unabhängigkeit Litauens,EN Day of Restoration of Independence of Lithuania;
978e4511-f011-4cff-8200-4c04e520361a;LT;2023-04-09;;Public;LT Velykos,DE Ostersonntag,EN Easter Sunday;
3a481a69-a09e-41cf-8d31-116b85ede6f3;LT;2023-04-10;;Public;LT Antroji Velykų diena,DE Ostermontag,EN Easter Monday;
3e384ed2-337c-43dc-9abd-e0adac2b7df5;LT;2023-05-01;;Public;LT Tarptautinė darbo diena,DE Tag der Arbeit,EN Labour Day;
6f7bc7a2-82c0-4c16-85b3-4b4acfaf95c5;LT;2023-06-24;;Public;LT Rasos ir Joninių diena,DE Mittsommertag,EN Midsummer Day;
d172ea27-bb8e-48f2-83a2-3823ef0670d3;LT;2023-07-06;;Public;LT Valstybės diena,DE Eigenstaatlichkeitstag,EN National Day;
6f3647e2-7e46-4942-938c-920ad72f38e4;LT;2023-08-15;;Public;LT Žolinė,DE Mariä Himmelfahrt,EN Assumption Day;
26a73fc2-b3f5-4727-9134-0528dc6fd2ff;LT;2023-11-01;;Public;LT Visų šventųjų diena,DE Allerheiligen,EN All Saints' Day;
8218fe76-5eb4-41cc-b1d1-efe95bb6412c;LT;2023-11-02;;Public;LT Vėlinės,DE Allerseelen,EN All Souls' Day;
ff5e491c-4d82-4e6f-880c-5ddcf231e71f;LT;2023-12-24;;Public;LT Šv. Kūčios,DE Heiligabend,EN Christmas Eve;
e6969055-67e3-4ad4-b13c-524bd4f5469f;LT;2023-12-25;;Public;LT Šv. Kalėdos,DE Weihnachten,EN Christmas Day;
07cf4ad2-1412-406f-8ccb-fbbd5a7e625c;LT;2023-12-26;;Public;LT Šv. Kalėdos,DE 2. Weihnachtsfeiertag,EN 2nd Day of Christmas;
4a48cda6-7137-4f41-baa9-48901c5f92f2;LT;2024-01-01;;Public;LT Naujieji metai,DE Neujahr,EN New Year's Day;
0d4c19f6-c2a8-4a47-93c9-af053fe0c816;LT;2024-02-16;;Public;LT Lietuvos valstybės atkūrimo diena,DE Tag der Wiederherstellung des litauischen Staates,EN Day of restoration of the Lithuanian state;
d446145a-1326-440c-879b-2b72fc680230;LT;2024-03-11;;Public;LT Lietuvos nepriklausomybės atkūrimo diena,DE Tag der Wiederherstellung der Unabhängigkeit Litauens,EN Day of Restoration of Independence of Lithuania;
43d5786f-69a0-4062-853a-5368ec74be8c;LT;2024-03-31;;Public;LT Velykos,DE Ostersonntag,EN Easter Sunday;
345d38af-ac06-4223-b96c-bc9fe553a5dc;LT;2024-04-01;;Public;LT Antroji Velykų diena,DE Ostermontag,EN Easter Monday;
c8d5a90d-c9dd-48f9-bddb-4ffc6ce745f5;LT;2024-05-01;;Public;LT Tarptautinė darbo diena,DE Tag der Arbeit,EN Labour Day;
a9080fca-21d3-4625-bf84-675461f29276;LT;2024-06-24;;Public;LT Rasos ir Joninių diena,DE Mittsommertag,EN Midsummer Day;
d667ef9f-8591-470a-ad65-706b161a3058;LT;2024-07-06;;Public;LT Valstybės diena,DE Eigenstaatlichkeitstag,EN National Day;
6e44c07b-f763-4c1e-986d-6ee28598516c;LT;2024-08-15;;Public;LT Žolinė,DE Mariä Himmelfahrt,EN Assumption Day;
940c913d-2695-4f0b-ac4f-94b50ad4cd6a;LT;2024-11-01;;Public;LT Visų šventųjų diena,DE Allerheiligen,EN All Saints' Day;
599da55c-e2f9-45da-957e-db5164e7c8d6;LT;2024-11-02;;Public;LT Vėlinės,DE Allerseelen,EN All Souls' Day;
05d9a10e-8276-455a-bb43-5e9bf6996f80;LT;2024-12-24;;Public;LT Šv. Kūčios,DE Heiligabend,EN Christmas Eve;
60d99570-af08-43c1-8a91-10174e616146;LT;2024-12-25;;Public;LT Šv. Kalėdos,DE Weihnachten,EN Christmas Day;
992ebaef-1d19-4d27-b751-9065e06fc0a5;LT;2024-12-26;;Public;LT Šv. Kalėdos,DE 2. Weihnachtsfeiertag,EN 2nd Day of Christmas;
83868e07-7270-45d6-bf98-49bfac0e35ca;LT;2025-01-01;;Public;LT Naujieji metai,DE Neujahr,EN New Year's Day;
3d318069-a656-444e-8a92-2c2281280d99;LT;2025-02-16;;Public;LT Lietuvos valstybės atkūrimo diena,DE Tag der Wiederherstellung des litauischen Staates,EN Day of restoration of the Lithuanian state;
2645d2a0-b666-42c4-a501-322c93b65bd9;LT;2025-03-11;;Public;LT Lietuvos nepriklausomybės atkūrimo diena,DE Tag der Wiederherstellung der Unabhängigkeit Litauens,EN Day of Restoration of Independence of Lithuania;
093a32e0-6ae6-418c-a064-4f26404d94ba;LT;2025-04-20;;Public;LT Velykos,DE Ostersonntag,EN Easter Sunday;
1c4d7f17-042a-4496-b5ac-e340b37f4e40;LT;2025-04-21;;Public;LT Antroji Velykų diena,DE Ostermontag,EN Easter Monday;
f3c5ee0d-c46f-4384-abcd-e06904273310;LT;2025-05-01;;Public;LT Tarptautinė darbo diena,DE Tag der Arbeit,EN Labour Day;
a697ae71-f75e-4b4f-bb8b-84186579912e;LT;2025-06-24;;Public;LT Rasos ir Joninių diena,DE Mittsommertag,EN Midsummer Day;
13869e26-df7c-49c3-8246-238cf4795763;LT;2025-07-06;;Public;LT Valstybės diena,DE Eigenstaatlichkeitstag,EN National Day;
87e54c3e-44db-48a5-8ec4-3278afcab6d0;LT;2025-08-15;;Public;LT Žolinė,DE Mariä Himmelfahrt,EN Assumption Day;
da505a52-3525-40a7-838f-92422820665b;LT;2025-11-01;;Public;LT Visų šventųjų diena,DE Allerheiligen,EN All Saints' Day;
9815b9eb-b294-4b28-bfe6-b9ddbd02c32d;LT;2025-11-02;;Public;LT Vėlinės,DE Allerseelen,EN All Souls' Day;
e23e3a30-bdef-4540-9444-257cc2a0fdab;LT;2025-12-24;;Public;LT Šv. Kūčios,DE Heiligabend,EN Christmas Eve;
f506d9cb-0af4-4c3b-a3f5-a2775fbb1aff;LT;2025-12-25;;Public;LT Šv. Kalėdos,DE Weihnachten,EN Christmas Day;
864f84d3-3b4b-4b10-92cc-ef9ae5461f5c;LT;2025-12-26;;Public;LT Šv. Kalėdos,DE 2. Weihnachtsfeiertag,EN 2nd Day of Christmas;
8b25365f-4e42-4aec-a556-dbdda046f4e2;LT;2026-01-01;;Public;LT Naujieji metai,DE Neujahr,EN New Year's Day;
5ef30eed-2266-48d4-97d3-8bc9b64ebfa3;LT;2026-02-16;;Public;LT Lietuvos valstybės atkūrimo diena,DE Tag der Wiederherstellung des litauischen Staates,EN Day of restoration of the Lithuanian state;
3481b4c7-ac26-4308-82e7-513730b83ffd;LT;2026-03-11;;Public;LT Lietuvos nepriklausomybės atkūrimo diena,DE Tag der Wiederherstellung der Unabhängigkeit Litauens,EN Day of Restoration of Independence of Lithuania;
e38f8505-1bbd-4df9-af71-fe64ef32c4cc;LT;2026-04-05;;Public;LT Velykos,DE Ostersonntag,EN Easter Sunday;
dfda1f3a-4218-4a38-841c-ca3c6e967083;LT;2026-04-06;;Public;LT Antroji Velykų diena,DE Ostermontag,EN Easter Monday;
65ef7348-3488-46c9-a759-dbef43cf00d1;LT;2026-05-01;;Public;LT Tarptautinė darbo diena,DE Tag der Arbeit,EN Labour Day;
87d4c47b-b968-4009-887c-e0aa2feb21bc;LT;2026-06-24;;Public;LT Rasos ir Joninių diena,DE Mittsommertag,EN Midsummer Day;
2533feaf-df03-4ba6-8f7f-75780bd44277;LT;2026-07-06;;Public;LT Valstybės diena,DE Eigenstaatlichkeitstag,EN National Day;
6b846276-70de-4c27-8462-f181406127f0;LT;2026-08-15;;Public;LT Žolinė,DE Mariä Himmelfahrt,EN Assumption Day;
e951f294-48c3-47b9-aff8-2ab14def3f7d;LT;2026-11-01;;Public;LT Visų šventųjų diena,DE Allerheiligen,EN All Saints' Day;
f2ec70ce-0d85-43ac-9540-ef7527231e98;LT;2026-11-02;;Public;LT Vėlinės,DE Allerseelen,EN All Souls' Day;
2ea64763-dbbc-4c08-b996-5a298c49f97a;LT;2026-12-24;;Public;LT Šv. Kūčios,DE Heiligabend,EN Christmas Eve;
770672ff-763f-44a8-b313-6abec685afb6;LT;2026-12-25;;Public;LT Šv. Kalėdos,DE Weihnachten,EN Christmas Day;
62b8be47-e265-45fa-9b16-8f2bcd307b44;LT;2026-12-26;;Public;LT Šv. Kalėdos,DE 2. Weihnachtsfeiertag,EN 2nd Day of Christmas;
ca3de4d7-fffe-4a45-92a4-c6c6e7f89fea;LT;2027-01-01;;Public;LT Naujieji metai,DE Neujahr,EN New Year's Day;
6b1d8e32-4b30-4dc0-b453-29ac9b7168d2;LT;2027-02-16;;Public;LT Lietuvos valstybės atkūrimo diena,DE Tag der Wiederherstellung des litauischen Staates,EN Day of restoration of the Lithuanian state;
7bff0c35-6f07-4399-bda1-9c01ef84500e;LT;2027-03-11;;Public;LT Lietuvos nepriklausomybės atkūrimo diena,DE Tag der Wiederherstellung der Unabhängigkeit Litauens,EN Day of Restoration of Independence of Lithuania;
03637d0f-0c8d-492c-a944-0ff5e648613f;LT;2027-03-28;;Public;LT Velykos,DE Ostersonntag,EN Easter Sunday;
dc4db143-2eb6-4276-bed0-a80ce853e249;LT;2027-03-29;;Public;LT Antroji Velykų diena,DE Ostermontag,EN Easter Monday;
f9c1e235-fcd9-4fc6-bafd-1a97a943cf14;LT;2027-05-01;;Public;LT Tarptautinė darbo diena,DE Tag der Arbeit,EN Labour Day;
8c7a6f16-13e0-41c1-b920-9c87094e9f18;LT;2027-06-24;;Public;LT Rasos ir Joninių diena,DE Mittsommertag,EN Midsummer Day;
90c5fa70-17e0-453f-991b-cd4dd8d37966;LT;2027-07-06;;Public;LT Valstybės diena,DE Eigenstaatlichkeitstag,EN National Day;
3a8d95fc-32ac-475f-886d-7345f2daa2a5;LT;2027-08-15;;Public;LT Žolinė,DE Mariä Himmelfahrt,EN Assumption Day;
8da3abad-e4e2-4b1d-95b6-1ba3bc342adb;LT;2027-11-01;;Public;LT Visų šventųjų diena,DE Allerheiligen,EN All Saints' Day;
64985b7c-c17e-46b5-816d-9ecca49ee5aa;LT;2027-11-02;;Public;LT Vėlinės,DE Allerseelen,EN All Souls' Day;
a90efcf0-df8d-4912-8d16-7393e3318116;LT;2027-12-24;;Public;LT Šv. Kūčios,DE Heiligabend,EN Christmas Eve;
c528ad69-5775-41c4-bd1a-65b2f3f005f2;LT;2027-12-25;;Public;LT Šv. Kalėdos,DE Weihnachten,EN Christmas Day;
79343308-43fe-465e-ac07-0b2d4ab02363;LT;2027-12-26;;Public;LT Šv. Kalėdos,DE 2. Weihnachtsfeiertag,EN 2nd Day of Christmas;
c61488f8-4867-4f72-a705-07624af861b8;LT;2028-01-01;;Public;LT Naujieji metai,DE Neujahr,EN New Year's Day;
96e0e896-4cd8-4d87-af25-066973aa0122;LT;2028-02-16;;Public;LT Lietuvos valstybės atkūrimo diena,DE Tag der Wiederherstellung des litauischen Staates,EN Day of restoration of the Lithuanian state;
1da106b8-a26c-4d5e-880b-44704fe53480;LT;2028-03-11;;Public;LT Lietuvos nepriklausomybės atkūrimo diena,DE Tag der Wiederherstellung der Unabhängigkeit Litauens,EN Day of Restoration of Independence of Lithuania;
c51d9b99-2e7f-453f-974f-dfaef9f194bb;LT;2028-04-16;;Public;LT Velykos,DE Ostersonntag,EN Easter Sunday;
4d19098b-0ffa-4283-92f4-317da03feb04;LT;2028-04-17;;Public;LT Antroji Velykų diena,DE Ostermontag,EN Easter Monday;
a0944da3-8d4f-403a-8ef8-32d30063e099;LT;2028-05-01;;Public;LT Tarptautinė darbo diena,DE Tag der Arbeit,EN Labour Day;
f909354c-1ebd-40d8-a059-04f8167371d6;LT;2028-06-24;;Public;LT Rasos ir Joninių diena,DE Mittsommertag,EN Midsummer Day;
f9f3c940-cf50-4167-a571-b3e19a83105d;LT;2028-07-06;;Public;LT Valstybės diena,DE Eigenstaatlichkeitstag,EN National Day;
fb077143-4f1e-48cf-96bc-948cc1c148e6;LT;2028-08-15;;Public;LT Žolinė,DE Mariä Himmelfahrt,EN Assumption Day;
a53e94a4-1c43-4ec8-a4d1-b8d65e3fa76c;LT;2028-11-01;;Public;LT Visų šventųjų diena,DE Allerheiligen,EN All Saints' Day;
16c3c6bf-4a5d-47d8-90ec-f865f8e5be67;LT;2028-11-02;;Public;LT Vėlinės,DE Allerseelen,EN All Souls' Day;
ab41e879-dbc4-4520-84f9-573391615fcd;LT;2028-12-24;;Public;LT Šv. Kūčios,DE Heiligabend,EN Christmas Eve;
7b049cf2-7f8e-4a36-8bf1-6dfae388e5ba;LT;2028-12-25;;Public;LT Šv. Kalėdos,DE Weihnachten,EN Christmas Day;
93b15400-6e4a-4919-a66f-e84733554968;LT;2028-12-26;;Public;LT Šv. Kalėdos,DE 2. Weihnachtsfeiertag,EN 2nd Day of Christmas;
541257a6-20c5-4c60-98c3-b7cb9de26fe7;LT;2029-01-01;;Public;LT Naujieji metai,DE Neujahr,EN New Year's Day;
675e10ca-cea2-4f34-be1a-634f2e338492;LT;2029-02-16;;Public;LT Lietuvos valstybės atkūrimo diena,DE Tag der Wiederherstellung des litauischen Staates,EN Day of restoration of the Lithuanian state;
646df93e-30a1-4ebd-add9-dcdbe7938093;LT;2029-03-11;;Public;LT Lietuvos nepriklausomybės atkūrimo diena,DE Tag der Wiederherstellung der Unabhängigkeit Litauens,EN Day of Restoration of Independence of Lithuania;
dce4cecd-3645-4ccc-89d2-20aa99a849b6;LT;2029-04-01;;Public;LT Velykos,DE Ostersonntag,EN Easter Sunday;
f98f059f-fe53-4287-ab77-a229e80cc823;LT;2029-04-02;;Public;LT Antroji Velykų diena,DE Ostermontag,EN Easter Monday;
c9c40ca5-f6ea-4320-9238-ddebc124c0bc;LT;2029-05-01;;Public;LT Tarptautinė darbo diena,DE Tag der Arbeit,EN Labour Day;
9272814c-9b6e-4b4b-b6f6-e990a0e8c094;LT;2029-06-24;;Public;LT Rasos ir Joninių diena,DE Mittsommertag,EN Midsummer Day;
c2e5758e-2fe5-4f22-88f5-c1f67322f8a0;LT;2029-07-06;;Public;LT Valstybės diena,DE Eigenstaatlichkeitstag,EN National Day;
d4e1efac-db2d-4a63-a341-a5618909576c;LT;2029-08-15;;Public;LT Žolinė,DE Mariä Himmelfahrt,EN Assumption Day;
dc4cbf9d-43f5-4624-a0fc-b3a253e48d07;LT;2029-11-01;;Public;LT Visų šventųjų diena,DE Allerheiligen,EN All Saints' Day;
ddfd7d10-d433-4191-9656-47660ffc9d6b;LT;2029-11-02;;Public;LT Vėlinės,DE Allerseelen,EN All Souls' Day;
591866f0-2ddb-461c-adf1-e4124d198448;LT;2029-12-24;;Public;LT Šv. Kūčios,DE Heiligabend,EN Christmas Eve;
b8e16f46-ea98-46fe-b611-9ae5f61dfe4b;LT;2029-12-25;;Public;LT Šv. Kalėdos,DE Weihnachten,EN Christmas Day;
c23c8113-1456-4950-b6d2-5f9e41fcaab5;LT;2029-12-26;;Public;LT Šv. Kalėdos,DE 2. Weihnachtsfeiertag,EN 2nd Day of Christmas;
bb435a6c-7e1b-4188-a06a-4c71ef186a0d;LT;2030-01-01;;Public;LT Naujieji metai,DE Neujahr,EN New Year's Day;
a2c6b921-e740-4529-bf0b-7a65f4bdf83d;LT;2030-02-16;;Public;LT Lietuvos valstybės atkūrimo diena,DE Tag der Wiederherstellung des litauischen Staates,EN Day of restoration of the Lithuanian state;
cfa09f57-8c84-46d7-b051-d26b3c874618;LT;2030-03-11;;Public;LT Lietuvos nepriklausomybės atkūrimo diena,DE Tag der Wiederherstellung der Unabhängigkeit Litauens,EN Day of Restoration of Independence of Lithuania;
e290c18a-5e29-4a9d-95dc-725036ab5a44;LT;2030-04-21;;Public;LT Velykos,DE Ostersonntag,EN Easter Sunday;
b2e2d81f-f50e-4442-b17a-a7e85f5294ec;LT;2030-04-22;;Public;LT Antroji Velykų diena,DE Ostermontag,EN Easter Monday;
f3042b89-b772-47fe-9ec6-7a3db1f6b3ce;LT;2030-05-01;;Public;LT Tarptautinė darbo diena,DE Tag der Arbeit,EN Labour Day;
242b9ce1-ee58-4b6e-b07f-027fd5cf8fcd;LT;2030-06-24;;Public;LT Rasos ir Joninių diena,DE Mittsommertag,EN Midsummer Day;
1c200813-967a-4205-92b2-cc24254095d4;LT;2030-07-06;;Public;LT Valstybės diena,DE Eigenstaatlichkeitstag,EN National Day;
dda8fed1-e68d-4ced-ab6e-8e89b30d6702;LT;2030-08-15;;Public;LT Žolinė,DE Mariä Himmelfahrt,EN Assumption Day;
1907d4a7-195d-44b8-bdb4-569309ccbae2;LT;2030-11-01;;Public;LT Visų šventųjų diena,DE Allerheiligen,EN All Saints' Day;
721cc79b-b930-44d0-bdb5-5212caf554c3;LT;2030-11-02;;Public;LT Vėlinės,DE Allerseelen,EN All Souls' Day;
aecf5ef0-0a6a-4099-ac7d-3946d51d41f8;LT;2030-12-24;;Public;LT Šv. Kūčios,DE Heiligabend,EN Christmas Eve;
05abdf8c-8d49-452d-9325-d52b852bca0f;LT;2030-12-25;;Public;LT Šv. Kalėdos,DE Weihnachten,EN Christmas Day;
9e984f69-990b-4b94-b7f4-7f7efe5ca532;LT;2030-12-26;;Public;LT Šv. Kalėdos,DE 2. Weihnachtsfeiertag,EN 2nd Day of Christmas;