Id;Country;StartDate;EndDate;Type;RegionalScope;Name;Subdivisions
33bb3778-e4cc-49f8-81f0-49c4a61b8c44;DE;2011-12-22;2012-01-07;School;Regional;DE Weihnachtsferien,EN Christmas Holidays;ST
39160571-f293-475a-8b17-c53cdf303a68;DE;2012-02-04;2012-02-11;School;Regional;DE Winterferien,EN Winter Holidays;ST
1109bb44-b5fa-43f1-8733-60310dfdbaba;DE;2012-04-02;2012-04-07;School;Regional;DE Osterferien,EN Easter Holidays;ST
ff64961e-f396-4fd9-9d3a-837434b766b9;DE;2012-05-18;2012-05-25;School;Regional;DE Pfingstferien,EN Pentecost Holidays;ST
9a5018e0-6bba-49c6-9d10-66491fbc0a55;DE;2012-07-23;2012-09-05;School;Regional;DE Sommerferien,EN Summer Holidays;ST
77f71e17-15ce-458e-af1a-b15e38c5d410;DE;2012-10-29;2012-11-02;School;Regional;DE Herbstferien,EN Autumn Holidays;ST
5a84fa53-9880-48a3-be75-4504a0cc5746;DE;2012-12-19;2013-01-04;School;Regional;DE Weihnachtsferien,EN Christmas Holidays;ST
bb796609-7656-4d3c-81b3-1af5205ff5e5;DE;2013-02-01;2013-02-08;School;Regional;DE Winterferien,EN Winter Holidays;ST
f31ec5a4-d14f-4474-b6ee-74f8fbdeedca;DE;2013-03-25;2013-03-30;School;Regional;DE Osterferien,EN Easter Holidays;ST
b4b2c898-06f4-40bc-b5c8-1cc6e7f67d84;DE;2013-05-10;2013-05-18;School;Regional;DE Pfingstferien,EN Pentecost Holidays;ST
86ab7dab-6ddc-4610-9211-ba72833bedff;DE;2013-07-15;2013-08-28;School;Regional;DE Sommerferien,EN Summer Holidays;ST
ac4f1490-54f2-4c37-9733-2899430efc07;DE;2013-10-21;2013-10-25;School;Regional;DE Herbstferien,EN Autumn Holidays;ST
4eeb6ddc-6588-4c5e-86e7-a895213526c9;DE;2013-12-21;2014-01-03;School;Regional;DE Weihnachtsferien,EN Christmas Holidays;ST
f7b1d77d-95e3-45ed-abf9-9bf2562f5f9d;DE;2014-02-01;2014-02-12;School;Regional;DE Winterferien,EN Winter Holidays;ST
759ff35a-13a6-4d4d-a1da-705a07e388af;DE;2014-04-14;2014-04-17;School;Regional;DE Osterferien,EN Easter Holidays;ST
62e68460-3468-4c17-b785-c6d5ad4bb41a;DE;2014-05-30;2014-06-07;School;Regional;DE Pfingstferien,EN Pentecost Holidays;ST
40303d71-7d7c-4833-8c55-9b8e14e693d5;DE;2014-07-21;2014-09-03;School;Regional;DE Sommerferien,EN Summer Holidays;ST
d21b2319-46bc-4a48-8a40-d3fc033a0e47;DE;2014-10-27;2014-10-30;School;Regional;DE Herbstferien,EN Autumn Holidays;ST
de992b6e-dfc2-42c5-9354-db52eba90e35;DE;2014-12-22;2015-01-05;School;Regional;DE Weihnachtsferien,EN Christmas Holidays;ST
335d7c0e-7bd2-4f8d-8a1f-937886fff00d;DE;2015-02-02;2015-02-14;School;Regional;DE Winterferien,EN Winter Holidays;ST
1f58bda2-f28c-4a3f-be3b-4ab28349e04b;DE;2015-04-02;2015-04-02;School;Regional;DE Osterferien,EN Easter Holidays;ST
3e6a7e6f-fd29-4083-ac4c-3e297d5aa4c2;DE;2015-05-15;2015-05-23;School;Regional;DE Pfingstferien,EN Pentecost Holidays;ST
8607b1e7-5542-42ee-bd24-b4a6838a737a;DE;2015-07-13;2015-08-26;School;Regional;DE Sommerferien,EN Summer Holidays;ST
e0478115-53fa-4167-8dd3-55eeefa6d805;DE;2015-10-17;2015-10-24;School;Regional;DE Herbstferien,EN Autumn Holidays;ST
3aa6d406-8a3d-49aa-b51e-9d7aaaa76dfd;DE;2015-12-21;2016-01-05;School;Regional;DE Weihnachtsferien,EN Christmas Holidays;ST
6c676b90-5f2c-471d-bd26-aeba90d9e8eb;DE;2016-02-01;2016-02-10;School;Regional;DE Winterferien,EN Winter Holidays;ST
7c90db98-b43a-4a9d-8e85-9832bfbc9025;DE;2016-03-24;2016-03-24;School;Regional;DE Osterferien,EN Easter Holidays;ST
7431dad7-4604-4aa9-8fcb-928a2f31f182;DE;2016-05-06;2016-05-14;School;Regional;DE Pfingstferien,EN Pentecost Holidays;ST
01596cd9-9572-425c-b664-fdeef3ed1f23;DE;2016-06-27;2016-08-10;School;Regional;DE Sommerferien,EN Summer Holidays;ST
a0c0cb42-55e0-4911-a2dd-cad1f683954b;DE;2016-10-04;2016-10-15;School;Regional;DE Herbstferien,EN Autumn Holidays;ST
1fe9dd60-69ad-4cd8-b5b8-80fa2130775e;DE;2016-12-19;2017-01-02;School;Regional;DE Weihnachtsferien,EN Christmas Holidays;ST
ad7e217f-4b40-4edf-8987-92544839c28f;DE;2017-02-04;2017-02-11;School;Regional;DE Winterferien,EN Winter Holidays;ST
b085347e-8772-4837-9bfd-38919c08d46c;DE;2017-04-10;2017-04-13;School;Regional;DE Osterferien,EN Easter Holidays;ST
d54484b2-1bf2-4bdb-878c-72d8ce9ae361;DE;2017-05-26;2017-05-26;School;Regional;DE Pfingstferien,EN Pentecost Holidays;ST
4f918041-56c6-4b5a-a519-193d737b7a52;DE;2017-06-26;2017-08-09;School;Regional;DE Sommerferien,EN Summer Holidays;ST
8d3438b5-3e20-4f23-85d3-9561a7249f10;DE;2017-10-02;2017-10-13;School;Regional;DE Herbstferien,EN Autumn Holidays;ST
f8ffe3a7-d9cb-472d-bb6b-236abcc5ffe5;DE;2017-10-30;2017-10-30;School;Regional;DE Herbstferien,EN Autumn Holidays;ST
be26975d-a477-4834-ba77-055931477f01;DE;2017-12-21;2018-01-03;School;Regional;DE Weihnachtsferien,EN Christmas Holidays;ST
63efb7d3-f067-4ca6-af59-2438dc6d03ed;DE;2018-02-05;2018-02-09;School;Regional;DE Winterferien,EN Winter Holidays;ST
428d33d4-94ea-411d-98ef-3e1f8fd783bc;DE;2018-03-26;2018-03-31;School;Regional;DE Osterferien,EN Easter Holidays;ST
5523539a-ed27-4f34-a1a1-b38be457038f;DE;2018-04-30;2018-04-30;School;Regional;DE Osterferien,EN Easter Holidays;ST
4ac1ba78-28f4-46c0-a4b8-967eb26c52b9;DE;2018-05-11;2018-05-19;School;Regional;DE Pfingstferien,EN Pentecost Holidays;ST
fe983db1-6137-4afa-a63f-55b0e5124f2f;DE;2018-06-28;2018-08-08;School;Regional;DE Sommerferien,EN Summer Holidays;ST
d7055338-da57-4025-bd7c-e2431e44d353;DE;2018-10-01;2018-10-12;School;Regional;DE Herbstferien,EN Autumn Holidays;ST
3dfa8d1a-f6ed-445f-9f37-569082879593;DE;2018-12-19;2019-01-04;School;Regional;DE Weihnachtsferien,EN Christmas Holidays;ST
84991830-e495-41db-bf53-d662c0cf99d1;DE;2019-02-11;2019-02-15;School;Regional;DE Winterferien,EN Winter Holidays;ST
5dc0a4d2-5546-44ba-b431-e47606779426;DE;2019-04-18;2019-04-30;School;Regional;DE Osterferien,EN Easter Holidays;ST
e33d9ea0-3db0-4fd4-8c1e-6540e3543bdc;DE;2019-05-31;2019-06-01;School;Regional;DE Pfingstferien,EN Pentecost Holidays;ST
d8735d07-273f-4c69-9e83-ac7a6d4e5ef2;DE;2019-07-04;2019-08-14;School;Regional;DE Sommerferien,EN Summer Holidays;ST
88baed74-48b0-402f-884f-96a72263e68b;DE;2019-10-04;2019-10-11;School;Regional;DE Herbstferien,EN Autumn Holidays;ST
25babefc-2244-47b3-8bab-621103761476;DE;2019-11-01;2019-11-01;School;Regional;DE Herbstferien,EN Autumn Holidays;ST
9432e3b4-b337-4171-8c58-d76c8ff9a3e4;DE;2019-12-23;2020-01-04;School;Regional;DE Weihnachtsferien,EN Christmas Holidays;ST
4c25e4a6-80c8-40a6-b1be-facd5748cdd9;DE;2020-02-10;2020-02-14;School;Regional;DE Winterferien,EN Winter Holidays;ST
84bb4095-c1cd-40fc-9d06-21eb0d5f00eb;DE;2020-04-06;2020-04-11;School;Regional;DE Osterferien,EN Easter Holidays;ST
32d9e873-79fb-4b10-96e1-5b96283773e1;DE;2020-05-18;2020-05-30;School;Regional;DE Pfingstferien,EN Pentecost Holidays;ST
5ca6b4f4-b3ba-4a27-86f9-56fe41f6d757;DE;2020-07-16;2020-08-26;School;Regional;DE Sommerferien,EN Summer Holidays;ST
1dac7ffd-1fb9-4e42-8812-def3ed39863c;DE;2020-10-19;2020-10-24;School;Regional;DE Herbstferien,EN Autumn Holidays;ST
1d8a2ef1-ba28-4516-9967-64e7924efab8;DE;2020-12-21;2021-01-10;School;Regional;DE Weihnachtsferien,EN Christmas Holidays;ST
933e8965-515f-489b-af4b-b7fcd7f2512b;DE;2021-02-08;2021-02-13;School;Regional;DE Winterferien,EN Winter Holidays;ST
4d97c924-d01f-489b-8a01-d4a4157dd5c0;DE;2021-03-29;2021-04-03;School;Regional;DE Osterferien,EN Easter Holidays;ST
b7ea112f-701f-45e7-835b-ac76ff844700;DE;2021-05-10;2021-05-22;School;Regional;DE Pfingstferien,EN Pentecost Holidays;ST
98dec82b-071d-4169-9472-ef87331dad64;DE;2021-07-22;2021-09-01;School;Regional;DE Sommerferien,EN Summer Holidays;ST
0a51e1b7-d21a-4aa5-8aed-4c7d3b710992;DE;2021-10-25;2021-10-30;School;Regional;DE Herbstferien,EN Autumn Holidays;ST
a6f2bd63-52c4-4264-a54f-5015ad75defa;DE;2021-12-22;2022-01-08;School;Regional;DE Weihnachtsferien,EN Christmas Holidays;ST
f8c32c5b-48df-439b-a02f-5172ab4fbe2a;DE;2022-02-12;2022-02-19;School;Regional;DE Winterferien,EN Winter Holidays;ST
934b0ea4-bce6-4960-acec-b3c12f32af1e;DE;2022-04-11;2022-04-16;School;Regional;DE Osterferien,EN Easter Holidays;ST
e1138ae7-035c-4e21-8a52-0b7501705b08;DE;2022-05-23;2022-05-28;School;Regional;DE Pfingstferien,EN Pentecost Holidays;ST
26db9f3c-0fad-429e-bbe8-5c8bd4625af3;DE;2022-07-14;2022-08-24;School;Regional;DE Sommerferien,EN Summer Holidays;ST
993889b7-f857-4e0e-94df-6d551f169406;DE;2022-10-24;2022-11-04;School;Regional;DE Herbstferien,EN Autumn Holidays;ST
72c4246d-9c6a-4d82-a245-a99277925d5f;DE;2022-12-21;2023-01-05;School;Regional;DE Weihnachtsferien,EN Christmas Holidays;ST
a68f8ade-7167-4b5d-816d-7a168816e772;DE;2023-02-06;2023-02-11;School;Regional;DE Winterferien,EN Winter Holidays;ST
e789f891-8770-4183-a364-25175156c328;DE;2023-04-03;2023-04-08;School;Regional;DE Osterferien,EN Easter Holidays;ST
4eb99fdf-cc0d-4697-9f52-ed969fd783f4;DE;2023-05-15;2023-05-19;School;Regional;DE Pfingstferien,EN Pentecost Holidays;ST
5f252634-f833-4521-8764-ac76ecaa9800;DE;2023-07-06;2023-08-16;School;Regional;DE Sommerferien,EN Summer Holidays;ST
76944521-284e-49bf-8f82-3a56f6dad7e3;DE;2023-10-02;;School;Regional;DE Ferientag,EN Holiday Day;ST
4b748b64-c753-4608-8626-0138a7f53d41;DE;2023-10-16;2023-10-30;School;Regional;DE Herbstferien,EN Autumn Holidays;ST
eee56240-ed87-4493-899c-bcc6fd3df764;DE;2023-12-21;2024-01-03;School;Regional;DE Weihnachtsferien,EN Christmas Holidays;ST
7d2b8895-0e9b-455c-9313-345c45181b9a;DE;2024-02-05;2024-02-10;School;Regional;DE Winterferien,EN Winter Holidays;ST
0796001d-d874-4dfd-9dd7-7b4ba74deacb;DE;2024-03-25;2024-03-30;School;Regional;DE Osterferien,EN Easter Holidays;ST
113643ad-ea9f-45a1-97c6-b107231a12b7;DE;2024-05-21;2024-05-24;School;Regional;DE Pfingstferien,EN Pentecost Holidays;ST
3ea2bad6-109d-400a-bd69-40f69f30475a;DE;2024-06-24;2024-08-03;School;Regional;DE Sommerferien,EN Summer Holidays;ST
5832c456-293b-45e3-8f56-1e949bbd251b;DE;2024-09-30;2024-10-12;School;Regional;DE Herbstferien,EN Autumn Holidays;ST
0a7f82f6-0e5d-4900-bbb4-504fa0bb4236;DE;2024-11-01;;School;Regional;DE Ferientag,EN Holiday Day;ST
ee0ec0ad-882b-47a5-83a7-f9286504eea8;DE;2024-12-23;2025-01-04;School;Regional;DE Weihnachtsferien,EN Christmas Holidays;ST
075d5aed-4503-4443-b299-dc3b63a0d95f;DE;2025-01-27;2025-01-31;School;Regional;DE Winterferien,EN Winter Holidays;ST
a2ce0003-3616-4633-b9ed-7c8419f2ced0;DE;2025-04-07;2025-04-19;School;Regional;DE Osterferien,EN Easter Holidays;ST
b4cc3570-0206-447f-a646-361b0439bdfc;DE;2025-05-30;;School;Regional;DE Ferientag,EN Holiday Day;ST
4fdcefea-9043-4d8a-97cc-4524c9af1499;DE;2025-06-28;2025-08-08;School;Regional;DE Sommerferien,EN Summer Holidays;ST
7bb84841-c102-4ea0-bc53-261ff5fd0bb2;DE;2025-10-13;2025-10-25;School;Regional;DE Herbstferien,EN Autumn Holidays;ST
ce21f2fc-99ab-49ef-b98f-e18d5770b101;DE;2025-12-22;2026-01-05;School;Regional;DE Weihnachtsferien,EN Christmas Holidays;ST
fad5cb72-c6a4-41ab-b416-bce375c2a4ce;DE;2026-01-31;2026-02-06;School;Regional;DE Winterferien,EN Winter Holidays;ST
ca1e92cf-dcdc-478f-845a-61d86862fad5;DE;2026-03-30;2026-04-04;School;Regional;DE Osterferien,EN Easter Holidays;ST
fdec926f-af46-432b-8868-da95e85d7b38;DE;2026-05-26;2026-05-29;School;Regional;DE Pfingstferien,EN Pentecost Holidays;ST
9a3dfdf8-3433-4dd5-a03f-52e93428a8b8;DE;2026-07-04;2026-08-14;School;Regional;DE Sommerferien,EN Summer Holidays;ST
e6704c4f-6d59-4c8f-9118-be95ef4248ce;DE;2026-10-19;2026-10-30;School;Regional;DE Herbstferien,EN Autumn Holidays;ST
70542eb6-3c48-4ced-ab03-62a5550e0758;DE;2026-12-21;2027-01-02;School;Regional;DE Weihnachtsferien,EN Christmas Holidays;ST
7a2075c0-e809-4360-872f-418a4e0244f1;DE;2027-02-01;2027-02-06;School;Regional;DE Winterferien,EN Winter Holidays;ST
24c7bb49-93ae-44c6-9ca1-f540539ff1d2;DE;2027-03-22;2027-03-27;School;Regional;DE Osterferien,EN Easter Holidays;ST
d87f9ad8-7ccf-4dc5-947f-10a0ae34845e;DE;2027-05-15;2027-05-22;School;Regional;DE Pfingstferien,EN Pentecost Holidays;ST
1dca8195-4cbd-4bb6-9b09-11ac535b5178;DE;2027-07-10;2027-08-20;School;Regional;DE Sommerferien,EN Summer Holidays;ST
c97cc68b-76ab-460e-85c2-0bab98001724;DE;2027-10-18;2027-10-23;School;Regional;DE Herbstferien,EN Autumn Holidays;ST
0722e2b6-693e-457a-a69d-f1907698d662;DE;2027-12-20;2027-12-31;School;Regional;DE Weihnachtsferien,EN Christmas Holidays;ST
83ca6865-7662-4226-9a5a-6154c6d29ed1;DE;2028-02-07;2028-02-12;School;Regional;DE Winterferien,EN Winter Holidays;ST
fd0bb711-6ca0-4a2b-b450-4e74a2795f75;DE;2028-04-10;2028-04-22;School;Regional;DE Osterferien,EN Easter Holidays;ST
5b23d411-1242-46fc-bfc2-fea24ae7023c;DE;2028-06-03;2028-06-10;School;Regional;DE Pfingstferien,EN Pentecost Holidays;ST
c854533f-ec20-4f2f-ac86-8aae419604db;DE;2028-07-22;2028-09-01;School;Regional;DE Sommerferien,EN Summer Holidays;ST
f44162e6-c961-4efb-a842-0978befebd29;DE;2028-10-02;;School;Regional;DE Ferientag,EN Holiday Day;ST
a81b4fe3-b300-40c4-b817-741da8ebc22c;DE;2028-10-30;2028-11-03;School;Regional;DE Herbstferien,EN Autumn Holidays;ST
53748e1d-7d6c-4ac8-a133-4534de15a8f9;DE;2028-12-21;2029-01-02;School;Regional;DE Weihnachtsferien,EN Christmas Holidays;ST
56b27cd5-381c-4864-8d3f-8eaec0609414;DE;2029-02-05;2029-02-10;School;Regional;DE Winterferien,EN Winter Holidays;ST
9d425bf0-95bd-4e33-815e-d652bc761ffd;DE;2029-03-26;2029-03-31;School;Regional;DE Osterferien,EN Easter Holidays;ST
a8bf60a6-ffa7-4aa0-8f95-6a56b0d43907;DE;2029-04-30;;School;Regional;DE Ferientag,EN Holiday Day;ST
3a5943ad-6513-4725-afdb-95a3dc1e65c5;DE;2029-05-11;2029-05-25;School;Regional;DE Pfingstferien,EN Pentecost Holidays;ST
fef21d86-5bf1-4abc-8606-c99ac22cee20;DE;2029-07-21;2029-08-31;School;Regional;DE Sommerferien,EN Summer Holidays;ST
27dca07d-3287-4601-8927-7f8def16c779;DE;2029-10-29;2029-11-02;School;Regional;DE Herbstferien,EN Autumn Holidays;ST
8f285b9f-f81e-4e7d-ba3c-9ff20af19351;DE;2029-12-21;2030-01-05;School;Regional;DE Weihnachtsferien,EN Christmas Holidays;ST
9644e2d5-7620-4c22-b05b-aae03a81c363;DE;2030-02-04;2030-02-08;School;Regional;DE Winterferien,EN Winter Holidays;ST
f349874b-b87b-47da-b1fe-256f200efe1b;DE;2030-04-08;2030-04-20;School;Regional;DE Osterferien,EN Easter Holidays;ST
55b64ee6-b7f6-4d88-871b-7603f8cd8b3c;DE;2030-05-31;;School;Regional;DE Ferientag,EN Holiday Day;ST
735d7552-7606-46c3-bc2b-834411520139;DE;2030-06-03;2030-06-08;School;Regional;DE Pfingstferien,EN Pentecost Holidays;ST
099589cf-3468-4ed3-bb3a-383e432a43a2;DE;2030-07-13;2030-08-23;School;Regional;DE Sommerferien,EN Summer Holidays;ST
