Id;Country;StartDate;EndDate;Type;Name;Subdivisions
de073149-c6f3-4c5d-9a06-62bd4433bd0c;DE;2019-12-23;2020-01-04;School;DE Weihnachtsferien,EN Christmas holidays;BE
c9a69cac-1185-4905-944a-9993d70816d1;DE;2020-02-03;2020-02-08;School;DE Winterferien,EN Winter holidays;BE
478f0f75-6c2a-48f3-baa9-49bba6298683;DE;2020-04-06;2020-04-17;School;DE Osterferien,EN Easter holidays;BE
59409264-fca8-46a4-97b6-9a05e7a09fa3;DE;2020-05-22;;School;DE Unterrichtsfreier Tag,EN Day off;BE
4a3180eb-3541-4bf0-b5c9-c2c42e518cf5;DE;2020-06-25;2020-08-07;School;DE Sommerferien,EN Summer holidays;BE
cded308d-5d40-4840-9676-cb54aab1bb87;DE;2020-10-12;2020-10-24;School;DE Herbstferien,EN Autumn holidays;BE
74fee9fc-f039-4756-8f06-d2ac402366e6;DE;2020-12-21;2021-01-02;School;DE Weihnachtsferien,EN Christmas holidays;BE
cf15c249-f123-4e05-8126-099da8069a88;DE;2021-02-01;2021-02-06;School;DE Winterferien,EN Winter holidays;BE
b74b2787-a0dc-4b0f-9c8a-232a75897c45;DE;2021-03-29;2021-04-10;School;DE Osterferien,EN Easter holidays;BE
5d246803-631e-4464-8fd8-86c1063bcc2d;DE;2021-05-14;;School;DE Unterrichtsfreier Tag,EN Day off;BE
4dee74dd-4725-4d5f-a2cf-5a90b38874e2;DE;2021-06-24;2021-08-06;School;DE Sommerferien,EN Summer holidays;BE
c13fe312-5a88-4ba1-bf13-027529f4ddbb;DE;2021-10-11;2021-10-23;School;DE Herbstferien,EN Autumn holidays;BE
872dcb5b-e524-421b-bf57-d0275901bdb2;DE;2021-12-23;2021-12-31;School;DE Weihnachtsferien,EN Christmas holidays;BE
344b2197-5a52-4df3-894c-317f836fe1a4;DE;2022-01-30;2022-02-04;School;DE Winterferien,EN Winter holidays;BE
b329a066-6523-4203-b153-2593fca6f506;DE;2022-04-11;2022-04-23;School;DE Osterferien,EN Easter holidays;BE
771e7c58-0b04-466e-a2d1-118bd8b7df83;DE;2022-05-27;;School;DE Unterrichtsfreier Tag,EN Day off;BE
53cf0d0e-a60f-4e4f-bbe7-6d153a97910b;DE;2022-06-07;2022-06-07;School;DE Pfingstferien,EN Pentecost holidays;BE
6b3491f3-455d-4ba1-bbbd-3e5aa1c20416;DE;2022-07-07;2022-08-18;School;DE Sommerferien,EN Summer holidays;BE
056d3c40-8a26-4bee-affa-75e22430a086;DE;2022-10-24;2022-11-05;School;DE Herbstferien,EN Autumn holidays;BE
d02fd7c1-cce8-424e-94f9-909156975411;DE;2022-12-22;2023-01-02;School;DE Weihnachtsferien,EN Christmas holidays;BE
e7b14e2d-5d2d-4154-b12f-a5352b386baf;DE;2023-01-30;2023-02-04;School;DE Winterferien,EN Winter holidays;BE
862d1987-401a-4f34-80f8-8dbe877135f4;DE;2023-04-03;2023-04-14;School;DE Osterferien,EN Easter holidays;BE
41931fb1-cefa-44bd-aab4-0dd25b535e09;DE;2023-05-19;;School;DE Unterrichtsfreier Tag,EN Day off;BE
ecea37fd-77c2-4914-8bd2-01980ae4dbd7;DE;2023-05-30;2023-05-30;School;DE Pfingstferien,EN Pentecost holidays;BE
0315571e-bde3-439d-b7bf-18a658acc801;DE;2023-07-13;2023-08-25;School;DE Sommerferien,EN Summer holidays;BE
17ff526f-ea28-4c8e-ba3a-98676a60827d;DE;2023-10-02;;School;DE Unterrichtsfreier Tag,EN Day off;BE
f90aec5f-b02f-46af-a045-b21d69162a50;DE;2023-10-23;2023-11-04;School;DE Herbstferien,EN Autumn holidays;BE
ab67ffc6-78cc-470c-b4cd-6dfa5aa280ee;DE;2023-12-23;2024-01-05;School;DE Weihnachtsferien,EN Christmas holidays;BE
28a79671-bb65-47b1-a01c-f7f75a70d376;DE;2024-02-05;2024-02-10;School;DE Winterferien,EN Winter holidays;BE
4a23efca-642f-45ef-b32d-139434d4520f;DE;2024-03-25;2024-04-05;School;DE Osterferien,EN Easter holidays;BE
5f66375e-23d0-4466-b531-af524ce8cbd1;DE;2024-05-10;;School;DE Unterrichtsfreier Tag,EN Day off;BE
769fb5c3-19c8-405a-bd22-8ac455a961c3;DE;2024-07-18;2024-08-30;School;DE Sommerferien,EN Summer holidays;BE
7ad7ef6b-5f18-44a2-806b-c645a090a6e3;DE;2024-10-04;;School;DE Unterrichtsfreier Tag,EN Day off;BE
8d56adb5-c2fe-4a85-bca2-ba2063f06eb7;DE;2024-10-21;2024-11-02;School;DE Herbstferien,EN Autumn holidays;BE
3b9c1d7e-b3be-4f6a-8128-f0c77ae8e786;DE;2024-12-23;2024-12-31;School;DE Weihnachtsferien,EN Christmas holidays;BE
8e1ad167-39e8-455e-a0cf-43fee3b79a39;DE;2025-02-03;2025-02-08;School;DE Winterferien,EN Winter holidays;BE
e9883de1-3213-4288-bf53-a526ebcdb4c2;DE;2025-04-14;2025-04-25;School;DE Osterferien,EN Easter holidays;BE
aa70a7ff-f812-4272-83e3-04319ef08ef7;DE;2025-05-02;;School;DE Unterrichtsfreier Tag,EN Day off;BE
ed4102e9-2c2d-4119-9025-94b251ef5492;DE;2025-05-30;;School;DE Unterrichtsfreier Tag,EN Day off;BE
0b32c794-a19e-4a7b-8abd-6327342b518f;DE;2025-06-10;2025-06-10;School;DE Pfingstferien,EN Pentecost holiday;BE
d710df7e-89b3-45dc-881a-f1c47a0d3e69;DE;2025-07-24;2025-09-06;School;DE Sommerferien,EN Summer holidays;BE
27cb58e8-5cfb-40ea-90ab-3149e1455cbc;DE;2025-10-20;2025-11-01;School;DE Herbstferien,EN Autumn holidays;BE
7625e071-8456-45c2-b9dd-caedc7a2216d;DE;2025-12-22;2026-01-02;School;DE Weihnachtsferien,EN Christmas holidays;BE
f892e4b2-b7a7-4551-9d44-0abb4956d3fb;DE;2026-02-02;2026-02-07;School;DE Winterferien,EN Winter holidays;BE
af270df7-839c-46b2-b771-29eb74774300;DE;2026-03-30;2026-04-10;School;DE Osterferien,EN Easter holidays;BE
d245729d-4b1d-49b9-a1ff-111232f40665;DE;2026-05-15;;School;DE Unterrichtsfreier Tag,EN Day off;BE
e60483a3-8323-4e98-8b8b-da6c8c92b23b;DE;2026-05-26;2026-05-26;School;DE Pfingstferien,EN Pentecost holiday;BE
2086af10-7357-4c2b-bcf9-9a82c7522642;DE;2026-07-09;2026-08-22;School;DE Sommerferien,EN Summer holidays;BE
1fa16795-e96d-4215-8a8d-7632bdaa5285;DE;2026-10-19;2026-10-31;School;DE Herbstferien,EN Autumn holidays;BE
18964f8f-3b17-4833-b359-1ac051bf7e3d;DE;2026-12-23;2027-01-02;School;DE Weihnachtsferien,EN Christmas holidays;BE
7fe6645d-4208-4c33-a761-79b45642fa3b;DE;2027-02-01;2027-02-06;School;DE Winterferien,EN Winter holidays;BE
f6eabbe8-efd7-4b08-9b68-2f4e04201733;DE;2027-03-22;2027-04-02;School;DE Osterferien,EN Easter holidays;BE
d79c9878-f98f-46fe-86b4-48ee7b662c12;DE;2027-05-07;;School;DE Unterrichtsfreier Tag,EN Day off;BE
28bd66fc-2b82-49c0-b282-081c92042426;DE;2027-05-18;2027-05-19;School;DE Pfingstferien,EN Pentecost holidays;BE
5e52b846-36bd-4251-97f6-eb77d05415a1;DE;2027-07-01;2027-08-14;School;DE Sommerferien,EN Summer holidays;BE
a570b0d7-8f03-42b9-a735-a7c9b0436f10;DE;2027-10-11;2027-10-23;School;DE Herbstferien,EN Autumn holidays;BE
ce4fd324-e06b-4071-ba48-575f2e62449c;DE;2027-12-22;2027-12-31;School;DE Weihnachtsferien,EN Christmas holidays;BE
4856a73f-fdfd-4a1e-9c0d-bf04d0b2f0fe;DE;2028-01-31;2028-02-05;School;DE Winterferien,EN Winter holidays;BE
96852698-13e8-4259-a65f-2e85e08e67c2;DE;2028-04-10;2028-04-22;School;DE Osterferien,EN Easter holidays;BE
a120d29f-e8ba-467e-93da-f0fd5cc22c28;DE;2028-05-26;;School;DE Unterrichtsfreier Tag,EN Day off;BE
59225862-fc35-47d4-b735-df921626d760;DE;2028-06-01;2028-06-02;School;DE Pfingstferien,EN Pentecost holidays;BE
33db0342-8afc-4cb5-98e4-23c3b5d4c71b;DE;2028-07-01;2028-08-12;School;DE Sommerferien,EN Summer holidays;BE
e0273a27-fa5e-4386-838c-fed4a2f0afe9;DE;2028-10-02;2028-10-14;School;DE Herbstferien,EN Autumn holidays;BE
fdb107ff-52b7-4d32-85ad-782903b4cbe0;DE;2028-12-22;2029-01-02;School;DE Weihnachtsferien,EN Christmas holidays;BE
5053afac-40aa-49c6-8447-14f786ef34c1;DE;2029-01-29;2029-02-03;School;DE Winterferien,EN Winter holidays;BE
8f05fb97-4e44-4262-9d43-2925ff12f9bf;DE;2029-03-09;;School;DE Unterrichtsfreier Tag,EN Day off;BE
14fce08a-ae17-4a23-8a77-c98802681aa5;DE;2029-03-26;2029-04-06;School;DE Osterferien,EN Easter holidays;BE
91b04475-b753-4691-83f2-115338736c94;DE;2029-04-30;;School;DE Unterrichtsfreier Tag,EN Day off;BE
b65b0897-553b-4af9-a60f-c94a179cc329;DE;2029-05-22;2029-05-25;School;DE Pfingstferien,EN Pentecost holidays;BE
c65cefcf-a198-4de5-8d3d-6b6da8392a5b;DE;2029-07-01;2029-08-11;School;DE Sommerferien,EN Summer holidays;BE
9b384ce5-9f44-4cd1-bfe7-6f65d2e0b7c2;DE;2029-10-01;2029-10-12;School;DE Herbstferien,EN Autumn holidays;BE
295a25c0-7707-42e7-9356-8d6beed2ef77;DE;2029-12-21;2030-01-04;School;DE Weihnachtsferien,EN Christmas holidays;BE
486d2944-57f9-482e-a08f-999eec96a056;DE;2030-02-04;2030-02-09;School;DE Winterferien,EN Winter holidays;BE
8df55a7f-c4dd-43ef-8e3e-38044a8251a9;DE;2030-04-15;2030-04-26;School;DE Osterferien,EN Easter holidays;BE
a70a622b-5c11-4bbb-9ce6-07c9f336b511;DE;2030-05-31;;School;DE Unterrichtsfreier Tag,EN Day off;BE
1d260d34-dd88-4ef9-a970-70c483f363de;DE;2030-06-07;2030-06-07;School;DE Pfingstferien,EN Pentecost holiday;BE
bc93f499-9f3d-4aee-b31c-f96396b375f6;DE;2030-07-04;2030-08-17;School;DE Sommerferien,EN Summer holidays;BE