Id;Country;StartDate;EndDate;Type;RegionalScope;Name;Subdivisions
163afe8a-d336-459b-8337-bc2f52df6d6d;DE;2011-12-23;2012-01-04;School;Regional;DE Weihnachtsferien,EN Christmas Holidays;HB
d24da280-4cf7-4d68-b2a4-9ed2ec29b925;DE;2012-01-30;2012-01-31;School;Regional;DE Winterferien,EN Winter Holidays;HB
63e4dabe-b94c-488b-9b74-4fff1a50eee3;DE;2012-03-26;2012-04-11;School;Regional;DE Osterferien,EN Easter Holidays;HB
1132c6f6-faaf-43a0-9bbe-5ce59bf41b98;DE;2012-04-30;2012-04-30;School;Regional;DE Osterferien,EN Easter Holidays;HB
6196bc7c-3e40-4328-8e7c-e284c50f707e;DE;2012-05-18;2012-05-18;School;Regional;DE Pfingstferien,EN Pentecost Holidays;HB
67a33d63-7f93-494b-b4cf-7ee619fb72b9;DE;2012-05-29;2012-05-29;School;Regional;DE Pfingstferien,EN Pentecost Holidays;HB
5d1242b0-9046-4743-b273-5c3e2d032054;DE;2012-07-23;2012-08-31;School;Regional;DE Sommerferien,EN Summer Holidays;HB
13cbd2e0-1dc0-417f-af5f-585f660b6338;DE;2012-10-22;2012-11-03;School;Regional;DE Herbstferien,EN Autumn Holidays;HB
227a9ddd-91b2-4878-9b0a-4131d50358ed;DE;2012-12-24;2013-01-05;School;Regional;DE Weihnachtsferien,EN Christmas Holidays;HB
a7d9c806-5bdb-4d1e-aca1-1c3dd3bd16ef;DE;2013-01-31;2013-02-01;School;Regional;DE Winterferien,EN Winter Holidays;HB
5005063f-9ffb-4d7b-8551-3a4fdc6b1f81;DE;2013-03-16;2013-04-02;School;Regional;DE Osterferien,EN Easter Holidays;HB
bf30a5f4-c14c-4210-b29c-861d98e9de06;DE;2013-05-10;2013-05-10;School;Regional;DE Pfingstferien,EN Pentecost Holidays;HB
239360fd-187d-4a80-a259-8613b13e0ba6;DE;2013-05-21;2013-05-21;School;Regional;DE Pfingstferien,EN Pentecost Holidays;HB
7f4e3bcd-2e3a-47bb-ad65-afd18cf291a9;DE;2013-06-27;2013-08-07;School;Regional;DE Sommerferien,EN Summer Holidays;HB
02fdfa5d-fdf5-4e0e-9327-c22fdb750639;DE;2013-10-04;2013-10-18;School;Regional;DE Herbstferien,EN Autumn Holidays;HB
e8725056-8876-49b7-a38e-bce0f9ca4bce;DE;2013-12-23;2014-01-03;School;Regional;DE Weihnachtsferien,EN Christmas Holidays;HB
73e8c1d0-b78e-4e4f-bd3f-e482cf1d66a0;DE;2014-01-30;2014-01-31;School;Regional;DE Winterferien,EN Winter Holidays;HB
ad65c685-8466-4e39-aa87-e89d1b1b17f8;DE;2014-04-03;2014-04-22;School;Regional;DE Osterferien,EN Easter Holidays;HB
a1d31237-329a-4864-ac6b-1e204e7c36e2;DE;2014-05-02;2014-05-02;School;Regional;DE Osterferien,EN Easter Holidays;HB
e7041040-2463-4b8f-b283-1714ecb1b670;DE;2014-05-30;2014-05-30;School;Regional;DE Pfingstferien,EN Pentecost Holidays;HB
d868a405-660e-454c-94f8-bf2424255078;DE;2014-06-10;2014-06-10;School;Regional;DE Pfingstferien,EN Pentecost Holidays;HB
4b7eac50-4439-427a-9e28-fefed4dd8d41;DE;2014-07-31;2014-09-10;School;Regional;DE Sommerferien,EN Summer Holidays;HB
11262311-d902-4ae9-a0cf-87c984ecd563;DE;2014-10-27;2014-11-08;School;Regional;DE Herbstferien,EN Autumn Holidays;HB
ebb60da9-fab0-4ae2-a85c-48bd04d58184;DE;2014-12-22;2015-01-05;School;Regional;DE Weihnachtsferien,EN Christmas Holidays;HB
f71d9a5d-076b-40cb-b411-ae7ef62e8653;DE;2015-02-02;2015-02-03;School;Regional;DE Winterferien,EN Winter Holidays;HB
a830742b-46b6-46f3-af22-13808f3af4f6;DE;2015-03-25;2015-04-10;School;Regional;DE Osterferien,EN Easter Holidays;HB
da5cab54-daff-4e8f-9602-96257062d26d;DE;2015-05-15;2015-05-15;School;Regional;DE Pfingstferien,EN Pentecost Holidays;HB
28d516b8-0a88-4710-8557-f7deb85ff222;DE;2015-05-26;2015-05-26;School;Regional;DE Pfingstferien,EN Pentecost Holidays;HB
a49816a7-de5e-46d8-b0db-95d87f5f983c;DE;2015-07-23;2015-09-02;School;Regional;DE Sommerferien,EN Summer Holidays;HB
938d75ed-6f85-4fb1-b74f-98f4285a3732;DE;2015-10-19;2015-10-31;School;Regional;DE Herbstferien,EN Autumn Holidays;HB
e0dbe50d-c59e-4cf8-9784-20922d1b806e;DE;2015-12-23;2016-01-06;School;Regional;DE Weihnachtsferien,EN Christmas Holidays;HB
dfb22505-17e4-4323-b0e3-02d044e7a970;DE;2016-01-28;2016-01-29;School;Regional;DE Winterferien,EN Winter Holidays;HB
d58ccbee-0f05-4a86-8575-d755b8153155;DE;2016-03-18;2016-04-02;School;Regional;DE Osterferien,EN Easter Holidays;HB
852db3da-e795-4450-8dd0-23a1f4bceaf4;DE;2016-05-06;2016-05-06;School;Regional;DE Pfingstferien,EN Pentecost Holidays;HB
98391203-5c5f-4421-9ca9-2c852e225862;DE;2016-05-17;2016-05-17;School;Regional;DE Pfingstferien,EN Pentecost Holidays;HB
65345f18-abfd-4700-91d4-2fac9c7bb546;DE;2016-06-23;2016-08-03;School;Regional;DE Sommerferien,EN Summer Holidays;HB
5a3d161c-f0f3-4189-9e20-7462b0224e43;DE;2016-10-04;2016-10-15;School;Regional;DE Herbstferien,EN Autumn Holidays;HB
8f88fdca-a61a-4ddb-b28b-299766acddde;DE;2016-12-21;2017-01-06;School;Regional;DE Weihnachtsferien,EN Christmas Holidays;HB
04c7e98d-d726-4de5-94c6-2c26a19841ea;DE;2017-01-30;2017-01-31;School;Regional;DE Winterferien,EN Winter Holidays;HB
6215cd11-f9cd-48b3-9eb5-03a0a8cbe89d;DE;2017-04-10;2017-04-22;School;Regional;DE Osterferien,EN Easter Holidays;HB
187656e1-f004-441e-b992-88b83ad84dad;DE;2017-05-26;2017-05-26;School;Regional;DE Pfingstferien,EN Pentecost Holidays;HB
93374111-97e0-4778-be24-288eeeb729e9;DE;2017-06-06;2017-06-06;School;Regional;DE Pfingstferien,EN Pentecost Holidays;HB
cba544e0-8fe4-47c5-a110-3081ac28ad72;DE;2017-06-22;2017-08-02;School;Regional;DE Sommerferien,EN Summer Holidays;HB
2804647f-3a32-4862-8bd2-41286a8ce7e4;DE;2017-10-02;2017-10-14;School;Regional;DE Herbstferien,EN Autumn Holidays;HB
5d43872f-367c-44cb-a7af-5fca26a9ca1e;DE;2017-10-30;2017-10-30;School;Regional;DE Herbstferien,EN Autumn Holidays;HB
0c0cc2cc-c4a4-49cc-8cf9-c90b6dcb7b0a;DE;2017-12-22;2018-01-06;School;Regional;DE Weihnachtsferien,EN Christmas Holidays;HB
7444242c-c9fc-47bd-9cb9-008e7a89bba9;DE;2018-02-01;2018-02-02;School;Regional;DE Winterferien,EN Winter Holidays;HB
957278a8-efde-4b14-b3ed-c77e6ccc8bce;DE;2018-03-19;2018-04-03;School;Regional;DE Osterferien,EN Easter Holidays;HB
ba6c53f7-29e9-493e-a150-8ff6e76a543e;DE;2018-04-30;2018-04-30;School;Regional;DE Pfingstferien,EN Pentecost Holidays;HB
3cd8b154-597d-478c-9eee-45629b51b0f0;DE;2018-05-11;2018-05-11;School;Regional;DE Pfingstferien,EN Pentecost Holidays;HB
6cfde7f3-21ff-4fa7-8be8-33706658927d;DE;2018-05-22;2018-05-22;School;Regional;DE Pfingstferien,EN Pentecost Holidays;HB
ab2f24ef-771e-40fd-90fe-72a87c160240;DE;2018-06-28;2018-08-08;School;Regional;DE Sommerferien,EN Summer Holidays;HB
cd9e279d-0a46-42f1-a30a-597316b342a5;DE;2018-10-01;2018-10-13;School;Regional;DE Herbstferien,EN Autumn Holidays;HB
28e1babb-67ee-4905-9a71-4894fdfc493d;DE;2018-12-24;2019-01-04;School;Regional;DE Weihnachtsferien,EN Christmas Holidays;HB
a2345ce2-6d6a-4c38-9da6-2245317769e9;DE;2019-01-31;2019-02-01;School;Regional;DE Winterferien,EN Winter Holidays;HB
c446861c-ed92-4693-97b3-c1a40d052803;DE;2019-04-06;2019-04-23;School;Regional;DE Osterferien,EN Easter Holidays;HB
d6aac1bf-dfc1-4452-ac77-dd0973a66432;DE;2019-05-31;2019-05-31;School;Regional;DE Pfingstferien,EN Pentecost Holidays;HB
ea424c98-7567-43b6-bc31-95e482f30335;DE;2019-06-11;2019-06-11;School;Regional;DE Pfingstferien,EN Pentecost Holidays;HB
9e35fe31-0960-4292-b87a-dca2464d1212;DE;2019-07-04;2019-08-14;School;Regional;DE Sommerferien,EN Summer Holidays;HB
2d10e1e8-96be-4c6d-8761-a6b1ffa20f16;DE;2019-10-04;2019-10-18;School;Regional;DE Herbstferien,EN Autumn Holidays;HB
68b15225-6aa2-488b-ad48-6ad4eaab4832;DE;2019-12-21;2020-01-06;School;Regional;DE Weihnachtsferien,EN Christmas Holidays;HB
9d871f66-91c4-48b7-8687-f131240b6485;DE;2020-07-16;2020-08-26;School;Regional;DE Sommerferien,EN Summer Holidays;HB
202f12b7-d1f6-461e-afe4-89643ea4524b;DE;2020-10-12;2020-10-24;School;Regional;DE Herbstferien,EN Autumn Holidays;HB
4c6e7498-fad8-4ecc-9192-c737790cf305;DE;2020-12-23;2021-01-08;School;Regional;DE Weihnachtsferien,EN Christmas Holidays;HB
f7bb9946-4569-4c69-b9a3-65dcb20d110e;DE;2021-02-01;2021-02-02;School;Regional;DE Halbjahresferien,EN Mid-Year Holidays;HB
74e21993-9b79-4976-bcfe-a4082f5152db;DE;2021-03-27;2021-04-10;School;Regional;DE Osterferien,EN Easter Holidays;HB
68c0a6d6-ac25-4aa6-840f-43111e98a37e;DE;2021-05-14;;School;Regional;DE Tag nach Himmelfahrt,EN Day after Ascension;HB
9af49098-7374-460c-8926-9ad6efa04b83;DE;2021-05-25;;School;Regional;DE Pfingstferien,EN Pentecost Holiday;HB
9cb9a340-efe2-41c2-95e9-9265f0da982f;DE;2021-07-22;2021-09-01;School;Regional;DE Sommerferien,EN Summer Holidays;HB
1a472f04-4882-4fdd-b3fe-327934d9b4c5;DE;2021-10-18;2021-10-30;School;Regional;DE Herbstferien,EN Autumn Holidays;HB
4c34fd9e-2691-4973-b90d-a64c557395b1;DE;2021-12-23;2022-01-08;School;Regional;DE Weihnachtsferien,EN Christmas Holidays;HB
de4553b8-4723-438b-a73c-995bafd74def;DE;2022-01-31;2022-02-01;School;Regional;DE Halbjahresferien,EN Mid-Year Holidays;HB
2cb26515-86c6-4330-95a3-ea7102ed7f49;DE;2022-04-04;2022-04-19;School;Regional;DE Osterferien,EN Easter Holidays;HB
ec2ef463-6b95-436d-b82d-6eeeca2ffd25;DE;2022-05-27;;School;Regional;DE Tag nach Himmelfahrt,EN Day after Ascension;HB
adf32c1d-ee79-4592-83d9-471a46f62578;DE;2022-06-07;;School;Regional;DE Pfingstferien,EN Pentecost Holiday;HB
9457125a-73db-40d4-83b8-1a1c921d411f;DE;2022-07-14;2022-08-24;School;Regional;DE Sommerferien,EN Summer Holidays;HB
0877ede0-7545-4c17-bb74-30eb9e457452;DE;2022-10-17;2022-10-29;School;Regional;DE Herbstferien,EN Autumn Holidays;HB
8df6bee7-efaf-479e-9d70-69625e858f6b;DE;2022-12-23;2023-01-06;School;Regional;DE Weihnachtsferien,EN Christmas Holidays;HB
9f9bdc9f-913e-42d0-8a81-3b401aead75d;DE;2023-01-30;2023-01-31;School;Regional;DE Halbjahresferien,EN Mid-Year Holidays;HB
7a942519-40a7-428c-9f92-cfde496a757e;DE;2023-03-27;2023-04-11;School;Regional;DE Osterferien,EN Easter Holidays;HB
39fdfb82-c571-4f63-878b-a1224ab72792;DE;2023-05-19;;School;Regional;DE Tag nach Himmelfahrt,EN Day after Ascension;HB
71813350-21b5-4a28-9650-7f7d9bc0dde9;DE;2023-05-30;;School;Regional;DE Pfingstferien,EN Pentecost Holiday;HB
c54cc812-651c-4260-8f14-feb44f58b68e;DE;2023-07-06;2023-08-16;School;Regional;DE Sommerferien,EN Summer Holidays;HB
145a3b90-3f93-4d71-97d4-46e6ba2e8085;DE;2023-10-02;;School;Regional;DE Tag vor dem 3. Oktober,EN Day before the 3 October;HB
54497c3d-ac10-4c38-b33e-4e76aff5db13;DE;2023-10-16;2023-10-30;School;Regional;DE Herbstferien,EN Autumn Holidays;HB
01ee73fb-d6bc-4fea-b77d-bccfd3687b1f;DE;2023-12-23;2024-01-05;School;Regional;DE Weihnachtsferien,EN Christmas Holidays;HB
5a2387bb-db38-4e0d-a168-2b7385a1fc7f;DE;2024-02-01;2024-02-02;School;Regional;DE Halbjahresferien,EN Mid-Year Holidays;HB
bdc7153b-3940-4675-a26a-a5bf5877f419;DE;2024-03-18;2024-03-28;School;Regional;DE Osterferien,EN Easter Holidays;HB
b2ab2259-b100-4015-9b1d-6b451863a338;DE;2024-05-10;;School;Regional;DE Tag nach Himmelfahrt,EN Day after Ascension;HB
11f653b9-2f3b-4ea0-84a5-139f08f203bd;DE;2024-05-21;;School;Regional;DE Pfingstferien,EN Pentecost Holiday;HB
2122d9bd-2ce3-44f8-86f8-9e171bfb4f7e;DE;2024-06-24;2024-08-02;School;Regional;DE Sommerferien,EN Summer Holidays;HB
cb84cff1-53a0-4d8c-8247-ff2e4fc24bf6;DE;2024-10-04;2024-10-19;School;Regional;DE Herbstferien,EN Autumn Holidays;HB
2bffcbc0-3f58-423d-a50f-36d611409d8d;DE;2024-11-01;;School;Regional;DE Tag nach dem Reformationstag,EN Day after Reformation Day;HB
979bb3ff-6c1a-4393-8e9b-7448332374f6;DE;2024-12-23;2025-01-04;School;Regional;DE Weihnachtsferien,EN Christmas Holidays;HB
43fd5a66-c498-4c57-9201-8f0ee6242442;DE;2025-02-03;2025-02-04;School;Regional;DE Halbjahresferien,EN Mid-Year Holidays;HB
e0c39da3-a573-4729-80e5-a11fd70bb3ff;DE;2025-04-07;2025-04-19;School;Regional;DE Osterferien,EN Easter Holidays;HB
a7027019-3984-4144-b869-70320829dbb9;DE;2025-04-30;2025-05-02;School;Regional;DE Kirchentag und Tag nach dem 1. Mai,EN Church Day and the Day after 1 May;HB
64ec141a-4385-4092-aa4f-503e9a4bd239;DE;2025-05-30;;School;Regional;DE Tag nach Himmelfahrt,EN Day after Ascension;HB
120ec756-714f-4797-8681-0f5ad693127b;DE;2025-06-10;;School;Regional;DE Pfingstferien,EN Pentecost Holiday;HB
ee9e602e-df6f-4556-bb6a-203832b71a2e;DE;2025-07-03;2025-08-13;School;Regional;DE Sommerferien,EN Summer Holidays;HB
b6e36b37-157e-4fd6-b70c-ccc2a1022853;DE;2025-10-13;2025-10-25;School;Regional;DE Herbstferien,EN Autumn Holidays;HB
dc202cba-62a0-47eb-88b3-c4abc4f02a65;DE;2025-12-22;2026-01-05;School;Regional;DE Weihnachtsferien,EN Christmas Holidays;HB
139ef750-1a63-43e9-844f-29de91565518;DE;2026-02-02;2026-02-03;School;Regional;DE Halbjahresferien,EN Mid-Year Holidays;HB
4bd18e30-2d33-4409-b3cb-f0dfbc486dc5;DE;2026-03-23;2026-04-07;School;Regional;DE Osterferien,EN Easter Holidays;HB
111a9b5a-02a2-44db-b81f-47234b458bf0;DE;2026-05-15;;School;Regional;DE Tag nach Himmelfahrt,EN Day after Ascension;HB
83b0ac41-794c-445d-bf0a-2660f4322fa0;DE;2026-05-26;;School;Regional;DE Pfingstferien,EN Pentecost Holiday;HB
59bae2a8-0dd8-444e-9a7e-5cd359f8deb5;DE;2026-07-02;2026-08-12;School;Regional;DE Sommerferien,EN Summer Holidays;HB
e2e44a25-b1b0-42f7-bead-8011c5192621;DE;2026-10-12;2026-10-24;School;Regional;DE Herbstferien,EN Autumn Holidays;HB
84cff033-1ce3-4f96-bf50-673a403e4e36;DE;2026-12-23;2027-01-09;School;Regional;DE Weihnachtsferien,EN Christmas Holidays;HB
9a960b91-b288-4918-bcbb-41c29a36c082;DE;2027-02-01;2027-02-02;School;Regional;DE Halbjahresferien,EN Mid-Year Holidays;HB
ff4c54eb-c5cd-46f5-a6fb-f7578b1f6c0d;DE;2027-03-22;2027-04-03;School;Regional;DE Osterferien,EN Easter Holidays;HB
b3b1f9b4-2fe2-46b9-a10d-09ca2eae361a;DE;2027-05-07;;School;Regional;DE Tag nach Himmelfahrt,EN Day after Ascension;HB
ca329531-997a-4d93-954e-21291ad769d9;DE;2027-05-18;;School;Regional;DE Pfingstferien,EN Pentecost Holiday;HB
092b89ea-674f-4c5c-b83d-d2ebbe899555;DE;2027-07-08;2027-08-18;School;Regional;DE Sommerferien,EN Summer Holidays;HB
190626c3-9310-4750-9da4-7fe2d2a2e58e;DE;2027-10-18;2027-10-30;School;Regional;DE Herbstferien,EN Autumn Holidays;HB
dde3ec3f-bcb5-4e0d-a91f-a8e97af3b11c;DE;2027-12-23;2028-01-08;School;Regional;DE Weihnachtsferien,EN Christmas Holidays;HB
172c5611-addb-4277-bdc1-b49bac5bd275;DE;2028-01-31;2028-02-01;School;Regional;DE Halbjahresferien,EN Mid-Year Holidays;HB
4d425513-e9de-41cf-8abb-7a9b0fa7c075;DE;2028-04-10;2028-04-22;School;Regional;DE Osterferien,EN Easter Holidays;HB
e0f1d14c-d03b-4d03-9669-bde7190ec765;DE;2028-05-26;;School;Regional;DE Tag nach Himmelfahrt,EN Day after Ascension;HB
a10b5baa-198a-4764-8a8b-76ba98e77972;DE;2028-06-06;;School;Regional;DE Pfingstferien,EN Pentecost Holiday;HB
288bfe06-3456-4a2c-a7c6-8b8867d47bd7;DE;2028-07-20;2028-08-30;School;Regional;DE Sommerferien,EN Summer Holidays;HB
97c70e5f-6362-40ae-bacf-4b14a2e4a622;DE;2028-10-02;;School;Regional;DE Tag vor dem 3. Oktober,EN Day before the 3 October;HB
e6b54823-10bf-4400-bffd-ce2bbc041d44;DE;2028-10-23;2028-11-04;School;Regional;DE Herbstferien,EN Autumn Holidays;HB
8f6c82a9-6d5e-4e7e-b6e8-03b67a79a360;DE;2028-12-27;2029-01-06;School;Regional;DE Weihnachtsferien,EN Christmas Holidays;HB
fc0f6bbe-57a8-4290-9c43-80b8143d29aa;DE;2029-02-01;2029-02-02;School;Regional;DE Halbjahresferien,EN Mid-Year Holidays;HB
f03b1a3d-b60b-4292-b8f5-93344c2bac49;DE;2029-03-19;2029-04-03;School;Regional;DE Osterferien,EN Easter Holidays;HB
64431e14-be2d-4a1c-8b4d-61fbc509cd80;DE;2029-04-30;;School;Regional;DE Tag vor dem 1. Mai,EN Day before 1 May;HB
8e7f543a-4b59-4a81-80b9-6057ef1451f3;DE;2029-05-11;;School;Regional;DE Tag nach Himmelfahrt,EN Day after Ascension;HB
f3896a3a-e0e2-4815-9ba0-37dcf19a4408;DE;2029-05-22;;School;Regional;DE Pfingstferien,EN Pentecost Holiday;HB
f3637299-d1b4-4ea6-a647-19887900d780;DE;2029-07-19;2029-08-29;School;Regional;DE Sommerferien,EN Summer Holidays;HB
f450ba22-5ad5-4673-8e29-c52e51624446;DE;2029-10-04;2029-10-05;School;Regional;DE Tage nach dem 3. Oktober,EN Days after the 3 of October;HB
29031102-0d3b-49c2-81e4-2c6f371f6cf4;DE;2029-10-22;2029-11-02;School;Regional;DE Herbstferien,EN Autumn Holidays;HB
e3c913d0-fede-45fa-83f9-d2f03da5f5fc;DE;2029-12-21;2030-01-05;School;Regional;DE Weihnachtsferien,EN Christmas Holidays;HB
76d40e14-17cb-447e-957b-fbcb108a3416;DE;2030-01-31;2030-02-01;School;Regional;DE Halbjahresferien,EN Mid-Year Holidays;HB
357a4abe-7778-49ba-9a93-a4b213718dc9;DE;2030-04-08;2030-04-23;School;Regional;DE Osterferien,EN Easter Holidays;HB
cb9c9c6f-b3e7-495d-acf5-568a89c57b6e;DE;2030-05-31;;School;Regional;DE Tag nach Himmelfahrt,EN Day after Ascension;HB
96274cb4-7c7a-499c-b538-c809cc32c73a;DE;2030-06-11;;School;Regional;DE Pfingstferien,EN Pentecost Holiday;HB
d9e91cbe-f8a6-43b0-be7e-058e508405c5;DE;2030-07-11;2030-08-21;School;Regional;DE Sommerferien,EN Summer Holidays;HB
