Id;Country;StartDate;EndDate;Type;RegionalScope;Name;Comment
fac41a06-66b9-4052-842a-44c2beebc394;ZA;2024-12-01;2025-01-14;School;National;EN December Holidays;
9d128a30-0252-4c79-a1d1-58a36f2e8dc2;ZA;2025-03-29;2025-04-07;School;National;EN April Holidays;
b7520184-1087-493c-9e47-eeba3f989006;ZA;2025-06-28;2025-07-21;School;National;EN July Holidays;
46913ccf-9f08-41c8-a27e-60972a2d3bd0;ZA;2025-10-04;2025-10-12;School;National;EN October Holidays;
964df868-5fdc-4206-bfcc-16048c02ab3d;ZA;2025-12-13;2026-12;10;School;National;EN December Holidays;