Id;Country;StartDate;EndDate;Type;RegionalScope;Name;Subdivisions
343e6894-f609-48e2-8200-e4231b4c77a3;FR;2019-12-20;2020-01-26;School;Regional;FR Vacances d'été austral,DE Südsommerferien,EN Southern summer holidays;RU
5d6383d7-06e5-4117-93b4-9ab8031406dc;FR;2019-12-22;2020-01-05;School;Regional;FR Vacances de Noël,DE Weihnachtsferien,EN Christmas Holidays;ZA,AR,BF,NA,SP,ZB,BT,CV,GE,HF,NO,PC,PL,ZC,IF,OC,CO
a113cd51-afb7-43bb-96bd-bf0931c195b1;FR;2020-02-09;2020-02-23;School;Regional;FR Vacances d'hiver,DE Winterferien,EN Winter Holidays;ZC,IF,OC
d64618fa-43bc-4a99-ad6b-d67bf18df25e;FR;2020-02-16;2020-03-01;School;Regional;FR Vacances d'hiver,DE Winterferien,EN Winter Holidays;ZB,BT,CV,GE,HF,NO,PC,PL,CO
428fa6f9-f4cf-48f1-8c1a-8d615e49ba78;FR;2020-02-23;2020-03-08;School;Regional;FR Vacances d'hiver,DE Winterferien,EN Winter Holidays;ZA,AR,BF,NA
cc05e315-5231-4b3e-90bc-8916dce6fe48;FR;2020-03-09;2020-03-22;School;Regional;FR Vacances après troisième période,DE Urlaub nach der dritten Periode,EN Holidays after third period;RU
7f2e9699-d7e2-4e4c-ac2a-e98812af8d14;FR;2020-04-05;2020-04-19;School;Regional;FR Vacances de printemps,DE Frühjahrsferien,EN Spring Holidays;ZC,IF,OC
5887a588-b43e-4bd4-80f6-a6034a6bf677;FR;2020-04-12;2020-05-26;School;Regional;FR Vacances de printemps,DE Frühjahrsferien,EN Spring Holidays;ZB,BT,CV,GE,HF,NO,PC,PL
f551cfdd-0b38-47b2-9871-2f7e0502b04c;FR;2020-04-19;2020-05-03;School;Regional;FR Vacances de printemps,DE Frühjahrsferien,EN Spring Holidays;ZA,AR,BF,NA,CO
4d3c12ff-1e8c-4302-9c41-174d3b6aa6c9;FR;2020-05-01;2020-05-13;School;Regional;FR Vacances après quatrième période,DE Urlaub nach der vierten Periode,EN Holidays after fourth period;RU
26e6c5cd-44bb-49ac-8d94-c79f035807f6;FR;2020-05-21;2020-05-24;School;Regional;FR Pont de l'Ascension,DE Brückentage zu Christi Himmelfahrt,EN Ascension Bridge;ZA,AR,BF,NA,SP,ZB,BT,CV,GE,HF,NO,PC,PL,ZC,IF,OC,CO
7057eb76-71c1-434d-b091-67fadccd7123;FR;2020-07-05;2020-09-02;School;Regional;FR Vacances d'été,DE Sommerferien,EN Summer Holidays;CO
94d01a13-28e8-48b0-bc9d-c508a2e2dab5;FR;2020-07-05;2020-08-16;School;Regional;FR Vacances d'hiver austral,DE Südwinterferien,EN Southern winter holidays;RU
0921af8d-d393-403d-acb6-15cbb3f129dc;FR;2020-07-05;2020-08-31;School;Regional;FR Vacances d'été,DE Sommerferien,EN Summer Holidays;ZA,AR,BF,NA,SP,ZB,BT,CV,GE,HF,NO,PC,PL,ZC,IF,OC
93d6a82c-fa34-42a6-9380-f8e21ca6711a;FR;2020-10-11;2020-10-25;School;Regional;FR Vacances après première période,DE Urlaub nach der ersten Periode,EN Holidays after first period;RU
320cf89a-3a44-41e6-9193-a581703f8540;FR;2020-10-18;2020-11-01;School;Regional;FR Vacances de la Toussaint,DE Allerheiligenferien,EN All Saints Holidays;ZA,AR,BF,NA,SP,ZB,BT,CV,GE,HF,NO,PC,PL,ZC,IF,OC,CO
2284a760-d0c1-4c2b-9f54-9b058ca65e17;FR;2020-12-20;2021-01-24;School;Regional;FR Vacances d'été austral,DE Südsommerferien,EN Southern summer holidays;RU
924018e6-f64e-4d72-885d-e4df41486311;FR;2020-12-20;2021-01-03;School;Regional;FR Vacances de Noël,DE Weihnachtsferien,EN Christmas Holidays;ZA,AR,BF,NA,SP,ZB,BT,CV,GE,HF,NO,PC,PL,ZC,IF,OC,CO
7c6ea7b3-8582-402d-ad86-400d64504150;FR;2021-02-07;2021-02-21;School;Regional;FR Vacances d'hiver,DE Winterferien,EN Winter Holidays;ZA,AR,BF,NA
247e8377-e47d-4e3d-b078-2201c4bfbb63;FR;2021-02-14;2021-02-28;School;Regional;FR Vacances d'hiver,DE Winterferien,EN Winter Holidays;ZC,IF,OC,CO
752f40d1-fa83-4e65-a39e-3d241f9e05e1;FR;2021-02-21;2021-03-07;School;Regional;FR Vacances d'hiver,DE Winterferien,EN Winter Holidays;ZB,BT,CV,GE,HF,NO,PC,PL
5f3798d8-6128-438f-9c21-90aba1491398;FR;2021-03-07;2021-03-21;School;Regional;FR Vacances après troisième période,DE Urlaub nach der dritten Periode,EN Holidays after third period;RU
03703e87-f302-4b46-8f2e-121217631abc;FR;2021-04-11;2021-04-25;School;Regional;FR Vacances de printemps,DE Frühjahrsferien,EN Spring Holidays;ZA,AR,BF,NA,SP,ZB,BT,CV,GE,HF,NO,PC,PL,ZC,IF,OC,CO
9a45fe79-231e-47a7-bbdc-75cad33908c7;FR;2021-05-05;2021-05-16;School;Regional;FR Vacances après quatrième période,DE Urlaub nach der vierten Periode,EN Holidays after fourth period;RU
99d85954-01f2-47ad-82b6-331f9b4caa59;FR;2021-05-13;2021-05-16;School;Regional;FR Pont de l'Ascension,DE Brückentage zu Christi Himmelfahrt,EN Ascension Bridge;ZA,AR,BF,NA,SP,ZB,BT,CV,GE,HF,NO,PC,PL,ZC,IF,OC,CO
e18b43c2-dee5-46f8-ad02-3d4135f88eba;FR;2021-07-07;2021-09-01;School;Regional;FR Vacances d'été,DE Sommerferien,EN Summer Holidays;ZA,AR,BF,NA,SP,ZB,BT,CV,GE,HF,NO,PC,PL,ZC,IF,OC
f6189009-2483-4724-a9fa-4eebb76452cd;FR;2021-07-08;2021-08-15;School;Regional;FR Vacances d'hiver austral,DE Südwinterferien,EN Southern winter holidays;RU
2b6b72ac-c9a5-46e6-84c2-4e54d16fd049;FR;2021-07-09;2021-09-02;School;Regional;FR Vacances d'été,DE Sommerferien,EN Summer Holidays;CO
64cd9895-cc15-4376-b03a-d6b76f5f135d;FR;2021-10-10;2021-10-24;School;Regional;FR Vacances après première période,DE Urlaub nach der ersten Periode,EN Holidays after first period;RU
e52fe0ef-4748-4452-9a48-2c159b60ec3e;FR;2021-10-24;2021-11-07;School;Regional;FR Vacances de la Toussaint,DE Allerheiligenferien,EN All Saints Holidays;ZA,AR,BF,NA,SP,ZB,BT,CV,GE,HF,NO,PC,PL,ZC,IF,OC,CO
bc4ba38d-6316-43e1-b445-8652f14c5ca2;FR;2021-12-19;2022-01-23;School;Regional;FR Vacances d'été austral,DE Südsommerferien,EN Southern summer holidays;RU
62f30541-e019-4169-8b0e-df1b99a80762;FR;2021-12-19;2022-01-02;School;Regional;FR Vacances de Noël,DE Weihnachtsferien,EN Christmas Holidays;ZA,AR,BF,NA,SP,ZB,BT,CV,GE,HF,NO,PC,PL,ZC,IF,OC,CO
b10b7179-99e3-49ec-a1d8-94f7b5b587df;FR;2022-02-06;2022-02-20;School;Regional;FR Vacances d'hiver,DE Winterferien,EN Winter Holidays;ZB,BT,CV,GE,HF,NO,PC,PL
f12d43c1-4b08-466e-baf0-1cf4de40d8fa;FR;2022-02-13;2022-02-27;School;Regional;FR Vacances d'hiver,DE Winterferien,EN Winter Holidays;ZA,AR,BF,NA
3267c2a4-2abc-4ee6-8aec-8fe15d30fd11;FR;2022-02-20;2022-03-06;School;Regional;FR Vacances d'hiver,DE Winterferien,EN Winter Holidays;ZC,IF,OC,CO
40f07d80-373e-478e-ad16-8d59b77bcd96;FR;2022-03-13;2022-03-27;School;Regional;FR Vacances après troisième période,DE Urlaub nach der dritten Periode,EN Holidays after third period;RU
3171d511-62c3-48d2-a7cf-d4cf02b6ea84;FR;2022-04-10;2022-04-24;School;Regional;FR Vacances de printemps,DE Frühjahrsferien,EN Spring Holidays;ZB,BT,CV,GE,HF,NO,PC,PL
9a53783f-881c-4443-abc3-19dab61f8118;FR;2022-04-17;2022-05-01;School;Regional;FR Vacances de printemps,DE Frühjahrsferien,EN Spring Holidays;ZA,AR,BF,NA
9fe519e0-b956-43ac-a0d6-45306b9956d8;FR;2022-04-24;2022-05-08;School;Regional;FR Vacances de printemps,DE Frühjahrsferien,EN Spring Holidays;ZC,IF,OC,CO
8b7dc8ce-c2e7-4de5-9252-5889d418582c;FR;2022-05-15;2022-05-29;School;Regional;FR Vacances après quatrième période,DE Urlaub nach der vierten Periode,EN Holidays after fourth period;RU
70cb097a-a4ec-4290-be8e-fb08bcffc7ab;FR;2022-05-26;2022-05-29;School;Regional;FR Pont de l'Ascension,DE Brückentage zu Christi Himmelfahrt,EN Ascension Bridge;ZA,AR,BF,NA,SP,ZB,BT,CV,GE,HF,NO,PC,PL,ZC,IF,OC,CO
b958ee81-6471-41df-89c9-ad93de874ec5;FR;2022-07-08;2022-08-31;School;Regional;FR Vacances d'été,DE Sommerferien,EN Summer Holidays;ZA,AR,BF,NA,SP,ZB,BT,CV,GE,HF,NO,PC,PL,ZC,IF,OC
1b73197c-39d0-4e80-b8d8-ec0326599b1e;FR;2022-07-09;2022-08-01;School;Regional;FR Vacances d'été,DE Sommerferien,EN Summer Holidays;CO
c63f0d51-4ecb-4eff-8c91-7409bcd3a005;FR;2022-07-10;2022-08-15;School;Regional;FR Vacances d'hiver austral,DE Südwinterferien,EN Southern winter holidays;RU
1b936fb6-9eb9-444d-814a-15523ad6be2f;FR;2022-10-09;2022-10-23;School;Regional;FR Vacances après première période,DE Urlaub nach der ersten Periode,EN Holidays after first period;RU
13bb3a41-0b49-4dfd-98c1-e2ffc17c543d;FR;2022-10-23;2022-11-06;School;Regional;FR Vacances de la Toussaint,DE Allerheiligenferien,EN All Saints Holidays;ZA,AR,BF,NA,SP,ZB,BT,CV,GE,HF,NO,PC,PL,ZC,IF,OC,CO
97228563-29b2-4c53-a1c3-f3008b776014;FR;2022-12-18;2023-01-22;School;Regional;FR Vacances d'été austral,DE Südsommerferien,EN Southern summer holidays;RU
19e9fd0c-952d-4a91-a6e2-c33eb04f6919;FR;2022-12-18;2023-01-02;School;Regional;FR Vacances de Noël,DE Weihnachtsferien,EN Christmas Holidays;ZA,AR,BF,NA,SP,ZB,BT,CV,GE,HF,NO,PC,PL,ZC,IF,OC,CO
2cd82201-b15d-40b5-bf39-1c006a0beb09;FR;2023-02-05;2023-02-19;School;Regional;FR Vacances d'hiver,DE Winterferien,EN Winter Holidays;ZA,AR,BF,NA
0c6b6096-e7bc-4cbb-9eec-bb523a958530;FR;2023-02-12;2023-02-26;School;Regional;FR Vacances d'hiver,DE Winterferien,EN Winter Holidays;ZB,BT,CV,GE,HF,NO,PC,PL
64177587-a318-4004-af41-efcb6785d6c6;FR;2023-02-19;2023-03-05;School;Regional;FR Vacances d'hiver,DE Winterferien,EN Winter Holidays;ZC,IF,OC,CO
976096ae-c89d-40ec-a84c-7418ad0a4c5b;FR;2023-03-12;2023-03-26;School;Regional;FR Vacances après troisième période,DE Urlaub nach der dritten Periode,EN Holidays after third period;RU
70be7e06-d26a-4820-b9e5-bcbe3523922f;FR;2023-04-09;2023-04-23;School;Regional;FR Vacances de printemps,DE Frühjahrsferien,EN Spring Holidays;ZA,AR,BF,NA
d057ef80-1fbc-4258-8818-0b61267a8056;FR;2023-04-16;2023-05-01;School;Regional;FR Vacances de printemps,DE Frühjahrsferien,EN Spring Holidays;ZB,BT,CV,GE,HF,NO,PC,PL,CO
4c9c6e83-86e7-4497-9399-464254b38765;FR;2023-04-23;2023-05-08;School;Regional;FR Vacances de printemps,DE Frühjahrsferien,EN Spring Holidays;ZC,IF,OC
306f9268-d820-4903-bce1-35bd7da4ebfc;FR;2023-05-14;2023-05-29;School;Regional;FR Vacances après quatrième période,DE Urlaub nach der vierten Periode,EN Holidays after fourth period;RU
1f0ab05a-1d3a-4522-81db-d162f54dd914;FR;2023-05-18;2023-05-21;School;Regional;FR Pont de l'Ascension,DE Brückentage zu Christi Himmelfahrt,EN Ascension Bridge;ZA,AR,BF,NA,SP,ZB,BT,CV,GE,HF,NO,PC,PL,ZC,IF,OC,CO
6943969d-d490-4998-9b54-b3d54be3f88a;FR;2023-07-08;2023-09-04;School;Regional;FR Vacances d'été,DE Sommerferien,EN Summer Holidays;CO
16245d78-dc91-4fb4-be8a-b067aa8032f5;FR;2023-07-09;2023-08-16;School;Regional;FR Vacances d'hiver austral,DE Südwinterferien,EN Southern winter holidays;RU
a77a7def-fc77-4f43-b30b-c6c35652095a;FR;2023-07-09;2023-09-03;School;Regional;FR Vacances d'été,DE Sommerferien,EN Summer Holidays;ZA,AR,BF,NA,SP,ZB,BT,CV,GE,HF,NO,PC,PL,ZC,IF,OC
c527a43e-94bd-45c0-9f9b-84c07bbae8b2;FR;2023-10-15;2023-10-29;School;Regional;FR Vacances après première période,DE Urlaub nach der ersten Periode,EN Holidays after first period;RU
7592886b-b355-43cf-93ae-232bc1e4a5fa;FR;2023-10-22;2023-11-05;School;Regional;FR Vacances de la Toussaint,DE Allerheiligenferien,EN All Saints Holidays;ZA,AR,BF,NA,SP,ZB,BT,CV,GE,HF,NO,PC,PL,ZC,IF,OC,CO
6eb5f86e-a718-44ba-b6cb-3c9a2120a03e;FR;2023-12-20;2024-01-21;School;Regional;FR Vacances d'été austral,DE Südsommerferien,EN Southern summer holidays;RU
a84882bb-7f11-42a6-a4c1-a6eeafa2c621;FR;2023-12-24;2024-01-07;School;Regional;FR Vacances de Noël,DE Weihnachtsferien,EN Christmas Holidays;ZA,AR,BF,NA,SP,ZB,BT,CV,GE,HF,NO,PC,PL,ZC,IF,OC,CO
5d5c6045-5a13-4c0c-a198-8f31ecba7f52;FR;2024-02-11;2024-02-25;School;Regional;FR Vacances d'hiver,DE Winterferien,EN Winter Holidays;ZC,IF,OC
afff9cbd-77ed-4e52-8c1f-6f5a4245cb5c;FR;2024-02-18;2024-03-03;School;Regional;FR Vacances d'hiver,DE Winterferien,EN Winter Holidays;ZA,AR,BF,NA
9fd91aa5-da23-414f-82cf-2fdf888bffbe;FR;2024-02-25;2024-03-10;School;Regional;FR Vacances d'hiver,DE Winterferien,EN Winter Holidays;ZB,BT,CV,GE,HF,NO,PC,PL,CO
955e8a16-e9dd-4d35-a6e5-700417b6f693;FR;2024-03-03;2024-03-17;School;Regional;FR Vacances après troisième période,DE Urlaub nach der dritten Periode,EN Holidays after third period;RU
47a2f4ab-9a8f-4a97-8c36-21a820b6d4e5;FR;2024-04-07;2024-04-21;School;Regional;FR Vacances de printemps,DE Frühjahrsferien,EN Spring Holidays;ZC,IF,OC
1dd723f4-6d5f-48dd-afca-6549e30f3c44;FR;2024-04-14;2024-04-28;School;Regional;FR Vacances de printemps,DE Frühjahrsferien,EN Spring Holidays;ZA,AR,BF,NA
a4d617ec-3f30-4c99-91ad-76f750dd26fb;FR;2024-04-21;2024-05-05;School;Regional;FR Vacances de printemps,DE Frühjahrsferien,EN Spring Holidays;ZB,BT,CV,GE,HF,NO,PC,PL
7316f1d2-14b3-42eb-8f49-ec66867fc126;FR;2024-04-28;2024-05-12;School;Regional;FR Vacances de printemps,DE Frühjahrsferien,EN Spring Holidays;CO
8f3980d9-7dff-4b69-98b1-91197a4474f1;FR;2024-05-05;2024-05-20;School;Regional;FR Vacances après quatrième période,DE Urlaub nach der vierten Periode,EN Holidays after fourth period;RU
83ef2de9-945c-4df9-aa46-d8fef32210b8;FR;2024-07-07;2024-09-02;School;Regional;FR Vacances d'été,DE Sommerferien,EN Summer Holidays;CO
93ac23ea-6f70-4f5c-b5cc-2cf6b6d09933;FR;2024-07-07;2024-08-18;School;Regional;FR Vacances d'hiver austral,DE Südwinterferien,EN Southern winter holidays;RU
7caa5418-c8ec-44c4-ab8e-b1aede561fb7;FR;2024-07-07;2024-09-01;School;Regional;FR Vacances d'été,DE Sommerferien,EN Summer Holidays;ZA,AR,BF,NA,SP,ZB,BT,CV,GE,HF,NO,PC,PL,ZC,IF,OC
31bad6eb-7e8d-4a90-b910-9a1cd6c6c6af;FR;2024-10-12;2024-10-27;School;Regional;FR Vacances de la Toussaint,DE Allerheiligenferien,EN All Saints Holidays;YT
6b697092-3061-49b8-b98f-4afa7c4b2a10;FR;2024-10-13;2024-10-27;School;Regional;FR Vacances après première période,DE Urlaub nach der ersten Periode,EN Holidays after first period;RU
b6125167-254b-4e8f-9a99-985a63b46cfb;FR;2024-10-20;2024-11-03;School;Regional;FR Vacances de la Toussaint,DE Allerheiligenferien,EN All Saints Holidays;ZA,AR,BF,NA,SP,ZB,BT,CV,GE,HF,NO,PC,PL,ZC,IF,OC,CO,MQ,GY
c074ca16-5527-4f05-a53a-dda3e39122b5;FR;2024-10-22;2024-11-03;School;Regional;FR Vacances de la Toussaint,DE Allerheiligenferien,EN All Saints Holidays;GP,BL,MF
44452287-ae5b-489d-935c-71f4b5a28375;FR;2024-10-23;2024-11-03;School;Regional;FR Vacances de la Toussaint,DE Allerheiligenferien,EN All Saints Holidays;SP
117b6627-e670-40b0-ae29-d3a1cf94d7f7;FR;2024-12-14;2025-01-12;School;Regional;FR Vacances de Noël,DE Weihnachtsferien,EN Christmas Holidays;YT
8c406693-b4d0-4cf2-8949-165eeb20ce08;FR;2024-12-20;2025-01-20;School;Regional;FR Vacances d'été austral,DE Südsommerferien,EN Southern summer holidays;RU
37673317-e59e-48e9-baa1-d33cea33c080;FR;2024-12-22;2025-01-05;School;Regional;FR Vacances de Noël,DE Weihnachtsferien,EN Christmas Holidays;ZA,AR,BF,NA,SP,ZB,BT,CV,GE,HF,NO,PC,PL,ZC,IF,OC,CO,GP,BL,MF,MQ,GY,SP
d6a63874-54ab-44e0-9296-e3011ef1b63c;FR;2025-02-09;2025-02-23;School;Regional;FR Vacances d'hiver,DE Winterferien,EN Winter Holidays;ZB,BT,CV,GE,HF,NO,PC,PL
78f214c4-b062-4165-a98d-886ffe050592;FR;2025-02-16;2025-03-02;School;Regional;FR Vacances d'hiver,DE Winterferien,EN Winter Holidays;ZC,IF,OC,CO
fde82bb6-ec1a-46dd-b7c6-b46b16ccdb78;FR;2025-02-22;2025-03-09;School;Regional;FR Vacances de Carnaval,DE Karnevalsferien,EN Carnival holidays;GP,BL,MF,MQ,GY
8fb2bcb3-39f7-4dcf-8381-e7f671cb15c0;FR;2025-02-23;2025-03-09;School;Regional;FR Vacances d'hiver,DE Winterferien,EN Winter Holidays;ZA,AR,BF,NA,SP
154e943d-90f5-41b7-a4a4-41184ed35ea0;FR;2025-03-01;2025-03-09;School;Regional;FR Vacances de février,DE Ferien im Februar,EN February holidays;YT
ef89017c-ed6a-410d-a522-e52aa4a9b213;FR;2025-03-02;2025-03-16;School;Regional;FR Vacances après troisième période,DE Urlaub nach der dritten Periode,EN Holidays after third period;RU
f1211d65-d6cd-4c9f-a1d1-62010eaccd02;FR;2025-04-06;2025-04-21;School;Regional;FR Vacances de printemps,DE Frühjahrsferien,EN Spring Holidays;ZB,BT,CV,GE,HF,NO,PC,PL
3adec704-7a43-4885-9b26-560542663598;FR;2025-04-12;2025-04-28;School;Regional;FR Vacances de Pâques,DE Osterferien,EN Easter holidays;MQ
cd69d675-cb23-4b4d-9146-0b3a856df3d4;FR;2025-04-13;2025-04-27;School;Regional;FR Vacances de printemps,DE Frühjahrsferien,EN Spring Holidays;ZC,IF,OC,CO
35fa33ef-c724-45f7-ac1b-5383d2ab4c36;FR;2025-04-17;2025-05-04;School;Regional;FR Vacances de Pâques,DE Osterferien,EN Easter holidays;GY
36354228-9990-4bfe-9907-d3d714214373;FR;2025-04-19;2025-05-04;School;Regional;FR Vacances de Pâques,DE Osterferien,EN Easter holidays;GP,BL,MF
1d543565-50e2-4b4c-8ce6-5b491fe8052f;FR;2025-04-19;2025-05-04;School;Regional;FR Vacances de printemps,DE Frühjahrsferien,EN Spring Holidays;SP
7cabe16f-10ed-4327-8130-f8defb5dad56;FR;2025-04-20;2025-05-04;School;Regional;FR Vacances de printemps,DE Frühjahrsferien,EN Spring Holidays;ZA,AR,BF,NA
f50eea1c-7fa8-437c-8044-ae0c02809c55;FR;2025-04-26;2025-05-11;School;Regional;FR Vacances de Pâques,DE Osterferien,EN Easter holidays;YT
134b983c-bb4c-42ce-93d4-ef5422671b5d;FR;2025-05-04;2025-05-18;School;Regional;FR Vacances après quatrième période,DE Urlaub nach der vierten Periode,EN Holidays after fourth period;RU
fcdfbfca-5640-4ba9-a1c3-6c216382eb01;FR;2025-05-28;2025-06-01;School;Regional;FR Pont de l'Ascension,DE Brückentage zu Christi Himmelfahrt,EN Ascension Bridge;SP
52c7f3e7-20b4-476e-8c09-92e81ac7fd34;FR;2025-07-05;2025-08-24;School;Regional;FR Vacances d'été,DE Sommerferien,EN Summer Holidays;YT
2f984301-2fc8-4218-8420-12e63ea5e0c6;FR;2025-07-06;2025-08-18;School;Regional;FR Vacances d'hiver austral,DE Südwinterferien,EN Southern winter holidays;RU
1a3ba895-36f5-4825-ba90-87b2949441d2;FR;2025-07-06;2025-08-31;School;Regional;FR Vacances d'été,DE Sommerferien,EN Summer Holidays;ZA,AR,BF,NA,SP,ZB,BT,CV,GE,HF,NO,PC,PL,ZC,IF,OC,CO,GP,BL,MF,MQ,GY
95d738f1-5a53-4314-98a8-083d8804cb9b;FR;2025-10-12;2025-10-26;School;Regional;FR Vacances après première période,DE Urlaub nach der ersten Periode,EN Holidays after first period;RU
b81b6a58-b32e-4c1a-9595-c16506b46cee;FR;2025-10-12;2025-10-27;School;Regional;FR Vacances de la Toussaint,DE Allerheiligenferien,EN All Saints Holidays;YT
b5423d59-b4fc-491e-9f43-551c26b3c9aa;FR;2025-10-19;2025-11-02;School;Regional;FR Vacances de la Toussaint,DE Allerheiligenferien,EN All Saints Holidays;YT
9efd88bb-e41b-4021-afc6-f5c1f493e3c8;FR;2025-10-19;2025-11-02;School;Regional;FR Vacances de la Toussaint,DE Allerheiligenferien,EN All Saints Holidays;ZA,AR,BF,NA,SP,ZB,BT,CV,GE,HF,NO,PC,PL,ZC,IF,OC,CO,GP,BL,MF,MQ,GY
9e88a939-5ed0-4c4c-98f5-e9a08aea9a0a;FR;2025-12-14;2026-01-12;School;Regional;FR Vacances de Noël,DE Weihnachtsferien,EN Christmas Holidays;YT
4a79d5b8-d25c-4f5d-aa84-9753f814b895;FR;2025-12-20;2026-01-20;School;Regional;FR Vacances d'été austral,DE Südsommerferien,EN Southern summer holidays;RU
361a6fd9-8773-4d99-9c19-f481fec94476;FR;2025-12-21;2026-01-04;School;Regional;FR Vacances de Noël,DE Weihnachtsferien,EN Christmas Holidays;ZA,AR,BF,NA,SP,ZB,BT,CV,GE,HF,NO,PC,PL,ZC,IF,OC,CO,GP,BL,MF,MQ,GY
58f110de-81ca-40da-8941-402f3087bc83;FR;2026-02-08;2026-02-22;School;Regional;FR Vacances de Carnaval,DE Karnevalsferien,EN Carnival holidays;GP,BL,MF,MQ,GY
954e5aae-39fc-418a-8a93-e758a8a6bb67;FR;2026-02-08;2026-02-22;School;Regional;FR Vacances d'hiver,DE Winterferien,EN Winter Holidays;ZA,AR,BF,NA
4039a322-b417-48e1-a751-a4bd133f2b06;FR;2026-02-15;2026-03-01;School;Regional;FR Vacances d'hiver,DE Winterferien,EN Winter Holidays;ZB,BT,CV,GE,HF,NO,PC,PL,CO
09ee863b-c982-4f62-9dea-0ca17c22b6f1;FR;2026-02-22;2026-03-08;School;Regional;FR Vacances d'hiver,DE Winterferien,EN Winter Holidays;ZC,IF,OC
1cb0c52a-d24e-4954-bb31-7833daffebe8;FR;2026-03-01;2026-03-15;School;Regional;FR Vacances après troisième période,DE Urlaub nach der dritten Periode,EN Holidays after third period;RU
c9a55008-2256-49c5-8373-22eec557f96c;FR;2026-03-01;2026-03-09;School;Regional;FR Vacances de février,DE Ferien im Februar,EN February holidays;YT
7c9cd3ae-0693-4de6-872f-728bf098b781;FR;2026-03-28;2026-04-12;School;Regional;FR Vacances de Pâques,DE Osterferien,EN Easter holidays;MQ
1d149a72-64c4-491b-8047-f309e82100d7;FR;2026-04-01;2026-04-15;School;Regional;FR Vacances de Pâques,DE Osterferien,EN Easter holidays;GY
379c3ccc-6cf2-4c44-b08b-05eaa88e415a;FR;2026-04-02;2026-04-19;School;Regional;FR Vacances de Pâques,DE Osterferien,EN Easter holidays;GP,BL,MF
9353034c-7df8-4d95-902f-c51002bde552;FR;2026-04-05;2026-04-19;School;Regional;FR Vacances de printemps,DE Frühjahrsferien,EN Spring Holidays;ZA,AR,BF,NA
d9baa9e2-93dd-4b56-9e95-7658952ed1a1;FR;2026-04-12;2026-04-26;School;Regional;FR Vacances de printemps,DE Frühjahrsferien,EN Spring Holidays;ZB,BT,CV,GE,HF,NO,PC,PL,CO
c7eb1e77-104d-4173-b2a1-0cf1ff9b6f91;FR;2026-04-18;2026-05-04;School;Regional;FR Vacances de Pâques,DE Osterferien,EN Easter holidays;GP,BL,MF
06ebc77d-02d3-4fed-bf01-2bf6b08ab31f;FR;2026-04-19;2026-05-03;School;Regional;FR Vacances de printemps,DE Frühjahrsferien,EN Spring Holidays;ZC,IF,OC
1937bfbb-5bee-4cb0-b85d-cab0c5e3adc2;FR;2026-04-26;2026-05-11;School;Regional;FR Vacances de Pâques,DE Osterferien,EN Easter holidays;YT
94845932-7265-4aad-952c-232ee2e8a002;FR;2026-05-03;2026-05-17;School;Regional;FR Vacances après quatrième période,DE Urlaub nach der vierten Periode,EN Holidays after fourth period;RU
25265659-8d52-4b19-8edd-f321f4688cbf;FR;2026-07-04;;EndOfLessons;Regional;FR Fin des cours,DE Unterrichtsende,EN End of lessons;SP,GP,BL,MF,MQ,GY,YT,CO
e9114a8f-6f40-4925-bb49-1e87032dcef6;FR;2026-07-05;2026-08-17;School;Regional;FR Vacances d'hiver austral,DE Südwinterferien,EN Southern winter holidays;RU
bb33e004-bbd1-498f-8ede-c16846238477;FR;2026-07-05;2026-08-31;School;Regional;FR Vacances d'été,DE Sommerferien,EN Summer Holidays;ZA,AR,BF,NA,ZB,BT,CV,GE,HF,NO,PC,PL,ZC,IF,OC
fe0139e3-dcc2-4a80-b0aa-025acbb97122;FR;2026-10-11;2026-10-24;School;Regional;FR Vacances après première période,DE Urlaub nach der ersten Periode,EN Holidays after first period;RU
1eab9f70-49bf-47b9-89bd-2f428712b771;FR;2026-10-18;2026-11-01;School;Regional;FR Vacances de la Toussaint,DE Allerheiligenferien,EN All Saints Holidays;ZA,AR,BF,NA,ZB,BT,CV,GE,HF,NO,PC,PL,ZC,IF,OC
68539219-fa49-4ff7-bff1-8e6b42604404;FR;2026-12-20;2027-01-31;School;Regional;FR Vacances d'été austral,DE Südsommerferien,EN Southern summer holidays;RU
5d81c270-a6b1-4dbd-93b1-78d43c59732b;FR;2026-12-20;2027-01-03;School;Regional;FR Vacances de Noël,DE Weihnachtsferien,EN Christmas Holidays;ZA,AR,BF,NA,ZB,BT,CV,GE,HF,NO,PC,PL,ZC,IF,OC
4eff0ec8-9f93-455d-98fc-44738ffe59c3;FR;2027-02-07;2027-02-21;School;Regional;FR Vacances d'hiver,DE Winterferien,EN Winter Holidays;ZC,IF
fc6714a0-5680-4869-ae78-6ab02a3d4ced;FR;2027-02-14;2027-02-28;School;Regional;FR Vacances d'hiver,DE Winterferien,EN Winter Holidays;ZA,AR,BF,NA
12dec4c1-cfb1-49dc-837a-a18ba50283c9;FR;2027-02-21;2027-03-07;School;Regional;FR Vacances d'hiver,DE Winterferien,EN Winter Holidays;ZB,BT,CV,GE,HF,NO,PC,PL
9b4f2a21-8aae-4557-993c-4690ebda6f7b;FR;2027-03-17;2027-03-29;School;Regional;FR Vacances après troisième période,DE Urlaub nach der dritten Periode,EN Holidays after third period;RU
535af364-727e-49b7-8e5b-a465aa2e90aa;FR;2027-04-04;2027-04-18;School;Regional;FR Vacances de printemps,DE Frühjahrsferien,EN Spring Holidays;ZC,IF,OC
7d0c13be-c980-44cf-8b64-356f3a77565e;FR;2027-04-11;2027-04-25;School;Regional;FR Vacances de printemps,DE Frühjahrsferien,EN Spring Holidays;ZA,AR,BF,NA
387330fc-6c9c-4912-8f14-a51656b00129;FR;2027-04-18;2027-05-02;School;Regional;FR Vacances de printemps,DE Frühjahrsferien,EN Spring Holidays;ZB,BT,CV,GE,HF,NO,PC,PL
dd09a14c-14eb-4bba-bd0b-ec20f7980489;FR;2027-05-06;2027-05-18;School;Regional;FR Vacances après quatrième période,DE Urlaub nach der vierten Periode,EN Holidays after fourth period;RU
8f659095-bec1-4ba1-b63d-d05bf521bf3f;FR;2027-05-06;2027-05-09;School;Regional;FR Pont de l'Ascension,DE Brückentage zu Christi Himmelfahrt,EN Ascension Bridge;ZA,AR,BF,NA,ZB,BT,CV,GE,HF,NO,PC,PL,ZC,IF,OC
c09411e8-4aeb-4010-af91-22813b88b2c6;FR;2027-07-03;2027-08-31;EndOfLessons;Regional;FR Fin des cours,DE Unterrichtsende,EN End of lessons;ZA,AR,BF,NA,ZB,BT,CV,GE,HF,NO,PC,PL,ZC,IF,OC
fd3e90b7-0739-488a-8d19-f5f3a1d8f48d;FR;2027-07-11;2027-08-15;School;Regional;FR Vacances d'hiver austral,DE Südwinterferien,EN Southern winter holidays;RU
;;;;;;;
;;;;;;;
